Akantor;Rango Alto; PorRotura;Colmillo;Colm. de Akantor;80;;;
;;;;Escama Akantor;20;;;
;;;Garra;Garra de Akantor;80;;;
;;;;Garra de Akantor;10;2;;
;;;;Concha Akantor;10;;;
;;;Pecho;Escama Akantor;60;;;
;;;;Concha Akantor;30;;;
;;;;Piedra lava;10;2;;
;;;Espalda;Púa de Akantor;80;;;
;;;;Concha Akantor;20;;;
;;Despiece;Cuerpo;Escama Akantor;40;;;
;;;;Concha Akantor;35;;;
;;;;Garra de Akantor;10;;;
;;;;Piedra lava;10;;;
;;;;Colm. de Akantor;5;;;
;;;Cola;Cola de Akantor;80;;;
;;;;Escama Akantor;20;;;
;;Punto brillante;;Sollozos Wyvern;50;;;
;;;;Concha Akantor;20;;;
;;;;Púa de Akantor;15;;;
;;;;Piedra lava;15;;;
Anteka;Aldea;Despiece;Cuerpo;Astas de Anteka;45;;;
;;;;Piel de Anteka;2;;;
;;;;Carne cruda;18;;;
;;;;Hígado blanco;12;;;
;Rango Alto;Despiece;Cuerpo;Astas de Anteka;35;;;
;;;;Piel alta calid.;28;;;
;;;;Piel de Anteka;15;;;
;;;;Hígado blanco;12;;;
;;;;Carne cruda;10;;;
Apceros;Aldea;Despiece;Cuerpo;Carne cruda;47;;;
;;;;H. monstr. pq.;45;;;
;;;;H. monstr. med.;8;;;
;Rango Alto;Despiece;Cuerpo;Carne cruda;43;;;
;;;;H. monstr. pq.;40;;;
;;;;H. monstr. med.;15;;;
;;;;Hueso monstruo+;2;;;
Aptonoth;Aldea;Despiece;Cuerpo;Carne cruda;75;;;
;;;;H. monstr. pq.;25;;;
;Rango Alto;Despiece;Cuerpo;Carne cruda;75;;;
;;;;H. monstr. pq.;25;;;
Basarios;Aldea; PorRotura;Estómago;Min. Machalita;55;;;
;;;;Bolsa de veneno;45;;;
;;Despiece;Cuerpo;Concha Basarios;37;;;
;;;;Min. Machalita;34;;;
;;;;Bolsa de veneno;18;;;
;;;;H. monstr. gr.;8;;;
;;;;Ala de Basarios;3;;;
;;;Cola;Min. Machalita;55;;;
;;;;Concha Basarios;45;;;
;;Captura;;Min. Machalita;59;2;;
;;;;Concha Basarios;36;;;
;;;;Ala de Basarios;5;;;
;;Punto brillante;;Lágrimas Wyvern;80;;;
;;;;Min. Machalita;20;;;
;Rango Alto; PorRotura;Estómago;Bolsa de toxinas;45;;;
;;;;Min. Dragonita;30;;;
;;;;Min. Carbalita;25;;;
;;Despiece;Cuerpo;Capar. Basarios;33;;;
;;;;Min. Carbalita;25;;;
;;;;Bolsa de toxinas;15;;;
;;;;H. monstruo duro;12;;;
;;;;Ala de Basarios;7;;;
;;;;Lágrima Basarios;5;;;
;;;;Piedra de Wyvern;3;;;
;;;Cola;Capar. Basarios;40;;;
;;;;Min. Carbalita;40;;;
;;;;Min. Dragonita;20;;;
;;Captura;;Min. Carbalita;35;;;
;;;;Capar. Basarios;34;;;
;;;;Min. Dragonita;16;;;
;;;;Ala de Basarios;10;;;
;;;;Lágrima Basarios;5;;;
;;Punto brillante;;Lágrimas Wyvern;40;;;
;;;;Sollozos Wyvern;40;;;
;;;;Min. Carbalita;20;;;
;Rango G; PorRotura;Estómago;Bolsa ven mortal;45;;;
;;;;Mineral de unión;30;;;
;;;;Min. Eltalita;25;;;
;;Despiece;Cuerpo;ConPesBasarios;33;;;
;;;;Min. Eltalita;25;;;
;;;;Bolsa ven mortal;15;;;
;;;;HuesoMonstruoPes;12;;;
;;;;Lágrima Basarios;7;;;
;;;;AlaBasariosDura;5;;;
;;;Cola;ConPesBasarios;40;;;
;;;;Min. Eltalita;40;;;
;;;;Mineral de unión;20;;;
;;Captura;;Min. Eltalita;35;;;
;;;;ConPesBasarios;34;;;
;;;;Mineral de unión;16;;;
;;;;Lágrima Basarios;10;;;
;;;;AlaBasariosDura;5;;;
;;Suelta cuando se le despierta de su forma de roca;;Sollozos Wyvern;55;;;
;;;;Lágrimas Wyvern;25;;;
;;;;Min. Eltalita;20;;;
Blango;Aldea;Despiece;Cuerpo;Piel de Blango;50;;;
;;;;Garra afilada;28;;;
;;;;Hueso;22;;;
;Rango Alto;Despiece;Cuerpo;Piel de Blango +;50;;;
;;;;Garra afilada;23;;;
;;;;Hueso;22;;;
;;;;Piel de Blango;5;;;
Blangonga;Aldea; PorRotura;Colmillo;Colm. Blangonga;100;;;
;;;Cola;Cola Blangonga;65;;;
;;;;Piel Blangonga;35;;;
;;Despiece;Cuerpo;Piel Blangonga;63;;;
;;;;Pelo Blangonga;21;;;
;;;;Hueso gigante;8;;;
;;;;Colm. Blangonga;8;;;
;;Captura;;Pelo Blangonga;40;;;
;;;;Piel Blangonga;35;;;
;;;;Hueso gigante;15;2;;
;;;;Cola Blangonga;10;;;
;;Punto brillante;;Boñiga territ.;75;;;
;;;;Piel Blangonga;20;;;
;;;;Boñiga;5;;;
;Rango Alto; PorRotura;Colmillo;Colm. Blangonga+;80;;;
;;;;Colm. Blangonga;20;;;
;;;Cola;Cola Blangonga;65;;;
;;;;Piel Blangonga;35;;;
;;Despiece;Cuerpo;Piel Blangonga+;60;;;
;;;;Hueso sólido;15;;;
;;;;Pelo Blangonga;10;;;
;;;;Colm. Blangonga;10;;;
;;;;Piel Blangonga;5;;;
;;Captura;;Piel Blangonga+;40;;;
;;;;Pelo Blangonga;30;2;;
;;;;Hueso sólido;25;4;;
;;;;Cola Blangonga;5;;;
;;Punto brillante;;Boñiga territ.;38;;;
;;;;Boñiga territ. +;37;;;
;;;;Piel Blangonga+;20;;;
;;;;Boñiga;5;;;
;Rango G; PorRotura;Colmillo;ColPesBlangonga;60;;;
;;;;ColPesBlangonga;20;2;;
;;;;Colm. Blangonga+;20;2;;
;;;Cola;CueroColaBlango;60;;;
;;;;PielDuBlangonga+;30;;;
;;;;Cola Blangonga;10;;;
;;Despiece;Cuerpo;PielDuBlangonga+;60;;;
;;;;Hueso masivo;15;;;
;;;;CueroPielPelagus;10;;;
;;;;ColPesBlangonga;10;;;
;;;;Piel Blangonga+;5;;;
;;Captura;;PielDuBlangonga+;40;;;
;;;;CueroPielPelagus;30;2;;
;;;;Hueso masivo;25;4;;
;;;;CueroColaBlango;5;;;
;;Suelta termina de comer sin percatarse del cazador;;Boñiga territ. +;50;;;
;;;;Boñiga territ.;25;;;
;;;;Piel BlangCobr+;20;;;
;;;;Boñiga;5;;;
Blangonga Cobre;Rango G; PorRotura;Colmillo;ColmBlangoCobr;60;;;
;;;;ColmBlangoCobr;20;2;;
;;;;CueroPielPelagus;20;;;
;;;Cola;CuerColBlangCobr;65;;;
;;;;Piel BlangCobr+;35;;;
;;Despiece;Cuerpo;Piel BlangCobr+;60;;;
;;;;CueroPielPelagus;15;;;
;;;;Hueso masivo;15;;;
;;;;ColmBlangoCobr;10;;;
;;Captura;;Piel BlangCobr+;40;;;
;;;;ColmBlangoCobr;30;2;;
;;;;Hueso masivo;25;;;
;;;;CuerColBlangCobr;5;;;
;;Suelta termina de comer sin percatarse del cazador;;Boñiga territ. +;50;;;
;;;;Boñiga territ.;25;;;
;;;;Piel BlangCobr+;20;;;
;;;;Boñiga;5;;;
Bulldrome;Aldea;Despiece;Cuerpo;Piel Bulldrome;50;;;
;;;;Hueso bruto;30;;;
;;;;Colm. Bulldrome;15;;;
;;;;Cabeza Bullfango;5;;;
;;Captura;;Piel Bulldrome;60;;;
;;;;Hueso bruto;25;2;;
;;;;Cabeza Bullfango;10;;;
;;;;Colm. Bulldrome;5;;;
;Rango Alto;Despiece;Cuerpo;Piel Bulldrome +;30;;;
;;;;Hueso gigante;25;;;
;;;;Piel Bulldrome;20;;;
;;;;Colm. Bulldrome;20;;;
;;;;Cabeza Bullfango;5;;;
;;Captura;;Piel Bulldrome;40;;;
;;;;Piel Bulldrome +;20;;;
;;;;Hueso bruto;20;3;;
;;;;Hueso gigante;15;2;;
;;;;Colm. Bulldrome;5;;;
Bullfango;Aldea;Despiece;Cuerpo;Piel Bullfango;59;;;
;;;;Carne cruda;26;;;
;;;;Hueso;10;;;
;;;;Cabeza Bullfango;5;;;
;Rango Alto;Despiece;Cuerpo;Carne cruda;30;;;
;;;;Piel Bullfango;30;;;
;;;;Cabeza Bullfango;15;;;
;;;;Hueso;15;;;
;;;;Hueso bruto;10;;;
Ceanataur;Aldea;Despiece;Cuerpo;Con. Ceanat. pq.;42;;;
;;;;Garra afilada;25;;;
;;;;Sesos Carapac.;25;;;
;;;;Hueso bruto;8;;;
;Rango Alto;Despiece;Cuerpo;Con. Ceanat. pq.;35;;;
;;;;Conch. Ceanat.;25;;;
;;;;Sesos Carapac.;20;;;
;;;;Hueso bruto;10;;;
;;;;Sesos Carapac.+;10;;;
Cephadrome;Aldea; PorRotura;Aleta;Aleta Cephalos;100;;;
;;Despiece;Cuerpo;Escama Cephalos;58;;;
;;;;Colmillo Piscine;20;;;
;;;;Hígado Piscine;12;;;
;;;;Aleta Cephalos;10;;;
;;Captura;;Aleta Cephalos;65;;;
;;;;H. monstr. gr.;25;;;
;;;;Colmillo Piscine;10;;;
;;Punto brillante;;Lágrimas Wyvern;70;;;
;;;;Escama Cephalos;20;;;
;;;;Hígado Piscine;10;;;
;Rango Alto; PorRotura;Aleta;Aleta Cephalos+;85;;;
;;;;Al. Cphls. coral;15;;;
;;Despiece;Cuerpo;Es. Cphls. coral;50;;;
;;;;Escama Cephalos;20;;;
;;;;Aleta Cephalos+;14;;;
;;;;Colmillo Piscine;13;;;
;;;;Hígado Piscine;3;;;
;;Captura;;Aleta Cephalos+;55;;;
;;;;Al. Cphls. coral;15;;;
;;;;Hueso monstruo+;15;;;
;;;;Colmillo Piscine;10;2;;
;;;;H. monstruo duro;5;;;
;;Punto brillante;;Lágrimas Wyvern;35;;;
;;;;Sollozos Wyvern;35;;;
;;;;Es. Cphls. coral;15;;;
;;;;Hígado Piscine;10;;;
;;;;Escama Cephalos;5;;;
Cephalos;Aldea;Despiece;Cuerpo;Hígado Piscine;60;;;
;;;;Escama Cephalos;23;;;
;;;;Colmillo Piscine;15;;;
;;;;Aleta Cephalos;2;;;
;Rango Alto;Despiece;Cuerpo;Hígado Piscine;50;;;
;;;;Escama Cephalos+;25;;;
;;;;Es. Cphls. coral;15;;;
;;;;Colmillo Piscine;8;;;
;;;;Aleta Cephalos;2;;;
Chameleos;Aldea; PorRotura;Cuerno;Cuerno Chameleos;90;;;
;;;;Min. Dragonita;10;;;
;;Despiece;Cuerpo;Piel Chameleos;39;;;
;;;;Cincha Chameleos;24;;;
;;;;Garra Chameleos;19;;;
;;;;Min. Dragonita;13;;;
;;;;Sangre dr. anc.;5;;;
;;;Cola;Cola Chameleos;60;;;
;;;;Min. Dragonita;22;;;
;;;;Sangre dr. anc.;18;;;
;;Punto brillante;;Tesoro de dragón;75;;;
;;;;Min. Dragonita;25;;;
;Rango Alto; PorRotura;Cuerno;Cuerno Chameleos;50;;;
;;;;Púa de Chameleos;40;;;
;;;;Mineral de unión;10;;;
;;Despiece;Cuerpo;Piel Chameleos;35;;;
;;;;Cincha Chameleos;24;;;
;;;;Piel Chameleos +;20;;;
;;;;Mineral de unión;10;;;
;;;;Sangre dr. anc.;6;;;
;;;;Joya Chameleos;5;;;
;;;Cola;Cola Chameleos;60;;;
;;;;Mineral de unión;17;;;
;;;;Sangre dr. anc.;15;;;
;;;;Joya Chameleos;8;;;
;;Punto brillante;;Tesoro de dragón;43;;;
;;;;Tes. drag. ant.;42;;;
;;;;Mineral de unión;15;;;
;Rango G; PorRotura;Cuerno daño dragon;CueChameleosDuro;70;;;
;;;;Púa de Chameleos;20;;;
;;;;Min. Mellanje;10;;;
;;Despiece;Cuerpo;PielChameleEsp+;35;;;
;;;;AlaChameleosDura;28;;;
;;;;Min. Mellanje;13;;;
;;;;Piel Chameleos +;10;;;
;;;;Sangre dr. anc.;6;;;
;;;;Joya Chameleos;6;;;
;;;;Joya DragTierrGr;2;;;
;;;Cola cuando la vida está por debajo del 30%;CueroColaChamele;60;;;
;;;;Min. Mellanje;17;;;
;;;;Sangre dr. anc.;12;;;
;;;;Joya Chameleos;8;;;
;;;;Joya DragTierrGr;3;;;
;;Suelta bomba sónica mientras ataca;;Tes. drag. ant.;50;;;
;;;;Tesoro de dragón;24;;;
;;;;Min. Mellanje;18;;;
;;;;Joya Chameleos;7;;;
;;;;Joya DragTierrGr;1;;;
Conga;Aldea;Despiece;Cuerpo;Piel de Conga;50;;;
;;;;Garra afilada;28;;;
;;;;Hueso;22;;;
;Rango Alto;Despiece;Cuerpo;Piel de Conga +;50;;;
;;;;Garra afilada;23;;;
;;;;Hueso;22;;;
;;;;Piel de Conga;5;;;
Congalala;Aldea; PorRotura;Cabeza;Piel Congalala;60;;;
;;;;Piel vibrante;40;;;
;;;Garra;Garra Congalala;92;;;
;;;;Garra afilada;8;2;;
;;Despiece;Cuerpo;Piel Congalala;63;;;
;;;;Colm. Congalala;29;;;
;;;;Hueso gigante;8;;;
;;Captura;;Piel Congalala;40;;;
;;;;Colm. Congalala;40;;;
;;;;Hueso bruto;20;4;;
;;Punto brillante;Hueso;Boñiga territ.;75;;;
;;;;H. monstr. pq.;15;;;
;;;;Hueso bruto;10;;;
;;;Setas;Boñiga territ.;75;;;
;;;;Seta azul;20;;;
;;;;Seta excitante;5;;;
;;;Mineral Piedra;Boñiga territ.;60;;;
;;;;Min. Machalita;39;;;
;;;;Cristal ligero;1;;;
;Rango Alto; PorRotura;Cabeza;Piel Congalala +;50;;;
;;;;Piel vibrante;50;;;
;;;Garra;Garra Congalala;50;;;
;;;;Garra Congalala+;50;;;
;;Despiece;Cuerpo;Piel Congalala +;60;;;
;;;;Colm. Congalala;20;;;
;;;;Hueso sólido;15;;;
;;;;Piel Congalala;5;;;
;;Captura;;Piel Congalala +;40;;;
;;;;Colm. Congalala;35;2;;
;;;;Hueso sólido;25;4;;
;;Punto brillante;Hueso;Boñiga territ.;35;;;
;;;;Boñiga territ. +;35;;;
;;;;Hueso monstruo+;20;;;
;;;;H. monstruo duro;10;;;
;;;Setas;Boñiga territ.;35;;;
;;;;Boñiga territ. +;35;;;
;;;;Seta azul;20;;;
;;;;Nitroseta;10;;;
;;;Mineral Piedra;Boñiga territ.;35;;;
;;;;Boñiga territ. +;35;;;
;;;;Min. Dragonita;29;;;
;;;;Cristal nova;1;;;
;Rango G; PorRotura;Cabeza;PielDuCongalala+;60;;;
;;;;Piel vibrante;40;;;
;;;Garras;GrraDuCongalala+;60;;;
;;;;Garra Congalala+;20;2;;
;;;;GrraDuCongalala+;20;2;;
;;Despiece;Cuerpo;PielDuCongalala+;50;;;
;;;;ColmlloPelagusLg;30;;;
;;;;Hueso masivo;15;;;
;;;;Piel Congalala +;5;;;
;;Captura;;PielDuCongalala+;40;;;
;;;;ColmlloPelagusLg;35;2;;
;;;;Hueso masivo;25;4;;
;;Suelta hacer que se queje de la cola;Setas;Boñiga territ. +;48;;;
;;;;Boñiga territ.;22;;;
;;;;Nitroseta;20;;;
;;;;Hongo dragón;10;;;
;;;;Boñiga territ. +;48;;;
;;;;Boñiga territ.;22;;;
;;;;Mineral de unión;29;;;
;;;;Cristal puro;1;;;
;;;Hueso;Boñiga territ. +;48;;;
;;;;Boñiga territ.;22;;;
;;;;H. monstruo duro;20;;;
;;;;HuesoMonstruoPes;10;;;
Congalala Esmeralda;Rango G; PorRotura;Garra;GarraCongaEsmDur;60;;;
;;;;PielCongaEsm+;20;;;
;;;;GarraCongaEsmDur;20;2;;
;;;Cabeza;PielCongaEsm+;60;;;
;;;;Cresta Vibrante;40;;;
;;Despiece;Cuerpo;PielCongaEsm+;50;;;
;;;;ColmlloPelagusLg;30;;;
;;;;Hueso masivo;15;;;
;;;;Hueso sólido;5;;;
;;Captura;;PielCongaEsm+;40;;;
;;;;ColmlloPelagusLg;35;2;;
;;;;Hueso masivo;25;4;;
;;Punto brillante;Setas;Boñiga territ. +;48;;;
;;;;Boñiga territ.;22;;;
;;;;Nitroseta;20;;;
;;;;Hongo dragón;10;;;
;;;;Boñiga territ. +;48;;;
;;;;Boñiga territ.;22;;;
;;;;Mineral de unión;29;;;
;;;;Cristal puro;1;;;
;;;Hueso;Boñiga territ. +;48;;;
;;;;Boñiga territ.;22;;;
;;;;H. monstruo duro;20;;;
;;;;HuesoMonstruoPes;10;;;
Daimyo Hermitaur;Aldea; PorRotura;Concha;Cuerno encarnado;50;;;
;;;;Con. Hermitaur;25;;;
;;;;Hueso gigante;20;;;
;;;;Con. cr. Wyvern;5;;;
;;;Garra;Garra Hermitaur;100;;;
;;Despiece;Cuerpo;Con. Hermitaur;60;;;
;;;;H. monstr. gr.;19;;;
;;;;Garra Hermitaur;10;;;
;;;;Perla negra;10;;;
;;;;Sesos Carapac.;1;;;
;;Captura;;Garra Hermitaur;45;;;
;;;;Con. Hermitaur;35;;;
;;;;Perla negra;20;2;;
;;Punto brillante;;Perla cangrejo;75;;;
;;;;Perla negra;25;;;
;Rango Alto; PorRotura;Concha;Cuerno encarnado;50;;;
;;;;Cap. Hermitaur;25;;;
;;;;H. monstruo duro;15;;;
;;;;Con. cr. Wyvern;5;;;
;;;;Corazón Monoblos;5;;;
;;;Garra;Garra Hermitaur;78;;;
;;;;Cap. Hermitaur;22;;;
;;Despiece;Cuerpo;Cap. Hermitaur;55;;;
;;;;Hueso monstruo+;19;;;
;;;;Garr. Hermit.+;10;;;
;;;;Perla negra;10;;;
;;;;Con. Hermitaur;5;;;
;;;;Sesos Carapac.+;1;;;
;;Captura;;Garr. Hermit.+;45;;;
;;;;Cap. Hermitaur;35;;;
;;;;Perla negra;20;2;;
;;Punto brillante;;Perla cangrejo;38;;;
;;;;Perla cangrejo +;37;;;
;;;;Perla negra;25;;;
;Rango G; PorRotura;Garras;GarraDuHermitaur;50;;;
;;;;GarraDuHermitaur;20;;;
;;;;Garr. Hermit.+;15;;;
;;;;ConPesHermitaur;15;;;
;;;Concha daño impacto puede romperse 2 veces;ConPesHermitaur;35;;;
;;;;Cuerno encarnado;33;;;
;;;;HuesoMonstruoPes;20;;;
;;;;Corazón Monoblos;7;;;
;;;;Con. cr. Wyvern;5;;;
;;Despiece;Cuerpo;ConPesHermitaur;51;;;
;;;;H. monstruo duro;19;;;
;;;;GarraDuHermitaur;10;;;
;;;;Perla negr. gig.;10;;;
;;;;Cap. Hermitaur;5;;;
;;;;Sesos Carapac.+;5;;;
;;Capturar;;GarraDuHermitaur;45;;;
;;;;ConPesHermitaur;30;;;
;;;;Perla negr. gig.;15;;;
;;;;Cap. Hermitaur;10;;;
;;Suelta termina de comer sin percatarse del cazador;;Perla cangrejo +;50;;;
;;;;Perla cangrejo;25;;;
;;;;Perla negr. gig.;15;;;
;;;;Perla negra;10;;;
Daimyo Hermitaur Purpura;Rango G; PorRotura;Garras;GarD.HermitaurCz;58;;;
;;;;GarD.HermitaurCz;20;2;;
;;;;ConD.HermitaurCz;22;;;
;;;Concha daño impacto puede romperse 2 veces;ConD.HermitaurCz;35;;;
;;;;HuesoMonstruoPes;20;;;
;;;;Con. cr. Wyvern;15;;;
;;;;Cuerno majest.;30;;;
;;Despiece;Cuerpo;ConD.HermitaurCz;51;;;
;;;;H. monstruo duro;22;;;
;;;;Perla negr. gig.;12;;;
;;;;GarD.HermitaurCz;10;;;
;;;;Sesos Carapac.+;5;;;
;;Capturar;;GarD.HermitaurCz;45;;;
;;;;ConD.HermitaurCz;35;;;
;;;;Perla negr. gig.;20;;;
;;Suelta termina de comer sin percatarse del cazador;;Perla cangrejo +;50;;;
;;;;Perla cangrejo;25;;;
;;;;Perla negr. gig.;15;;;
;;;;Perla negra;10;;;
Diablos;Aldea; PorRotura;Cuerno;Cuerno retorcido;92;;;
;;;;Cuerno majest.;8;;;
;;Despiece;Cuerpo;Concha Diablos;63;;;
;;;;Colmillo de Blos;30;;;
;;;;Columna Diablos;7;;;
;;;Cola;Concha Diablos;60;;;
;;;;Cola de Diablos;40;;;
;;Captura;;Concha Diablos;40;;;
;;;;Colmillo de Blos;39;3;;
;;;;Columna Diablos;11;;;
;;;;Cola de Diablos;10;;;
;;Punto brillante;;Lágrimas Wyvern;95;;;
;;;;Columna Diablos;5;;;
;Rango Alto; PorRotura;Cuerno;Cuerno retorcido;80;;;
;;;;Cuerno majest.;20;;;
;;Despiece;Cuerpo;Caparaz. Diablos;56;;;
;;;;Colmillo de Blos;22;;;
;;;;Concha Diablos;10;;;
;;;;Tórax de Diablos;7;;;
;;;;Piedra de Wyvern;5;;;
;;;Cola;Cola de Diablos;64;;;
;;;;Caparaz. Diablos;26;;;
;;;;Concha Diablos;10;;;
;;Captura;;Caparaz. Diablos;57;;;
;;;;Colmillo de Blos;27;3;;
;;;;Tórax de Diablos;11;;;
;;;;Cola de Diablos;5;;;
;;Punto brillante;;Sollozos Wyvern;48;;;
;;;;Lágrimas Wyvern;47;;;
;;;;Tórax de Diablos;5;;;
;Rango G; PorRotura;Cuerno puede romperse dos veces;Cuerno majest.;60;;;
;;;;Cuerno sólido;40;;;
;;Despiece;Cuerpo;ConPesDiablos;63;;;
;;;;EspPesDiablos;17;;;
;;;;Caparaz. Diablos;10;;;
;;;;Colmillo de Blos;5;;;
;;;;Piedra Wyvern g.;5;;;
;;;Cola;CueroColaDiablos;64;;;
;;;;ConPesDiablos;26;;;
;;;;Caparaz. Diablos;10;;;
;;Capturar la vida por debajo del 40%(Aldea) 24%(RangoAlto) 20%(G);;ConPesDiablos;60;;;
;;;;EspPesDiablos;15;;;
;;;;Colmillo de Blos;15;4;;
;;;;CueroColaDiablos;10;;;
;;Suelta cuando se le clavan los cuernos en la pared;;Sollozos Wyvern;60;;;
;;;;Lágrimas Wyvern;35;;;
;;;;EspPesDiablos;5;;;
Diablos Negro;Aldea; PorRotura;Cuerno;Cu. Ret. Blos n.;69;;;
;;;;Cuerno retorcido;16;2;;
;;;;Cuerno majest.;15;;;
;;Despiece;Cuerpo;Concha Blos n.;63;;;
;;;;Colmillo de Blos;30;;;
;;;;Colum. Blos n.;7;;;
;;;Cola;Cola Blos negra;60;;;
;;;;Concha Blos n.;40;;;
;;Captura;;Concha Blos n.;40;;;
;;;;Colmillo de Blos;39;3;;
;;;;Colum. Blos n.;11;;;
;;;;Cola Blos negra;10;;;
;;Punto brillante;;Lágrimas Wyvern;95;;;
;;;;Colum. Blos n.;5;;;
;Rango Alto; PorRotura;Cuerno;Cu. Ret. Blos n.;50;;;
;;;;Cuerno majest.;32;2;;
;;;;Cuerno majest.;18;;;
;;Despiece;Cuerpo;Cap. Blos negro;56;;;
;;;;Colmillo de Blos;20;;;
;;;;Concha Blos n.;10;;;
;;;;Tórax Blos n.;7;;;
;;;;Piedra de Wyvern;7;;;
;;;Cola;Cola Blos negra;64;;;
;;;;Cap. Blos negro;30;;;
;;;;Piedra de Wyvern;6;;;
;;Captura;;Cap. Blos negro;57;;;
;;;;Colmillo de Blos;27;3;;
;;;;Tórax Blos n.;11;;;
;;;;Cola Blos negra;5;;;
;;Punto brillante;;Lágrimas Wyvern;48;;;
;;;;Sollozos Wyvern;47;;;
;;;;Tórax Blos n.;5;;;
;Rango G; PorRotura;Cuerno;CuerNegroCurvSol;40;;;
;;;;Cu. Ret. Blos n.;40;2;;
;;;;Cuerno majest.;20;;;
;;Despiece;Cuerpo;ConPesBlosNgr;63;;;
;;;;EspPesBlosNeg;17;;;
;;;;Cap. Blos negro;8;;;
;;;;Piedra Wyvern g.;7;;;
;;;;Colmillo de Blos;5;;;
;;;Cola;CueroColaBlosNeg;64;;;
;;;;ConPesBlosNgr;26;;;
;;;;Piedra Wyvern g.;6;;;
;;;;Cap. Blos negro;4;;;
;;Capturar la vida por debajo del 40%(Aldea) 24%(RangoAlto) 20%(G);;ConPesBlosNgr;60;;;
;;;;EspPesBlosNeg;15;;;
;;;;Colmillo de Blos;15;4;;
;;;;CueroColaBlosNeg;10;;;
;;Suelta cuando se le clavan los cuernos en la pared;;Sollozos Wyvern;60;;;
;;;;Lágrimas Wyvern;35;;;
;;;;EspPesBlosNeg;5;;;
Fatalis;Rango G; PorRotura;Cuerno (fase 1);CuerDuroFatalis;80;;;
;;;;Cuerno Fatalis;20;;;
;;;Cuerno (fase 2);CuerDuroFatalis;80;;;
;;;;Cuerno Fatalis;20;;;
;;;Ojo (3era fase);Ojo malvado Fat.;80;;;
;;;;Ojo de Fatalis;20;;;
;;;Alas dañadas;Ala dura Fatalis;100;;;
;;;Pecho Abierto;EscGruFatalis;85;;;
;;;;ConPesFatalis;15;;;
;;Despiece;Cuerpo;ConPesFatalis;44;;;
;;;;EscGruFatalis;38;;;
;;;;Concha Fatalis;10;;;
;;;;CuerDuroFatalis;8;;;
Fatalis Carmesí (rojo);Rango G; PorRotura;Cuerno (fase 1) cualquier daño;CueFatalisCarDu;80;;;
;;;;Cu. Ca. Fatalis;20;;;
;;;Cuerno (fase 2) cualquier daño;CuerDuroFatalis;80;;;
;;;;Cuerno Fatalis;20;;;
;;;Ojo (3era fase);Ojo malvado Fat.;80;;;
;;;;Ojo dem. Fatalis;20;;;
;;;Alas se deben romper ambas;AlaFatalisCarDu;100;;;
;;;Pecho;EscFatalisCarGr;85;;;
;;;;ConPesFatalisCar;15;;;
;;Despiece;Cuerpo;EscFatalisCarGr;34;;;
;;;;ConPesFatalisCar;23;;;
;;;;EscGruFatalis;19;;;
;;;;ConPesFatalis;15;;;
;;;;Cu. Ca. Fatalis;6;;;
;;;;CuerDuroFatalis;3;;;
Fatalos Blanco;Rango G; PorRotura;Cuerno;CuernFatalisBlDu;80;;;
;;;;Cu. Fatalis bl.;20;;;
;;;Cuerno (fase 2) cualquier daño;CuerDuroFatalis;80;;;
;;;;Cuerno Fatalis;20;;;
;;;Ojo (3era fase);Ojo malvado Fat.;80;;;
;;;;Ojo dem. Fatalis;20;;;
;;;Alas se deben romper ambas;AlaFatalisBlFuer;100;;;
;;;Pecho Abierto;EscGrFatalisBl;75;;;
;;;;ConFatalisBlDur;25;;;
;;Despiece;Cuerpo;EscGrFatalisBl;31;;;
;;;;ConFatalisBlDur;24;;;
;;;;EscGruFatalis;20;;;
;;;;ConPesFatalis;17;;;
;;;;CuerDuroFatalis;5;;;
;;;;CuernFatalisBlDu;3;;;
Gendrome;Aldea;Despiece;Cuerpo;Piel de Gendrome;48;;;
;;;;Bolsa parálisis;35;;;
;;;;Escama Genprey;15;;;
;;;;Cráneo Gendrome;2;;;
;;Captura;;Piel de Gendrome;56;;;
;;;;Bolsa parálisis;39;2;;
;;;;Cráneo Gendrome;5;;;
;Rango Alto;Despiece;Cuerpo;Cola de Gendrome;30;;;
;;;;Bolsa parálisis;23;;;
;;;;Escama Genprey+;20;;;
;;;;Piel de Genprey+;15;;;
;;;;Cráneo Gendrome;7;;;
;;;;Piel de Gendrome;5;;;
;;Captura;;Piel de Genprey+;40;2;;
;;;;Bolsa parálisis;36;2;;
;;;;Escama Genprey+;24;2;;
Genprey;Aldea;Despiece;Cuerpo;Colmillo Genprey;42;;;
;;;;Escama Genprey;33;;;
;;;;Piel de Genprey;25;;;
;Rango Alto;Despiece;Cuerpo;Colmillo Genprey;35;;;
;;;;Escama Genprey+;35;;;
;;;;Piel de Genprey+;30;;;
Giadrome;Aldea;Despiece;Cuerpo;Garra Giadrome;53;;;
;;;;Piel de Giadrome;30;;;
;;;;Escama Giaprey;15;;;
;;;;Cráneo Giadrome;2;;;
;;Captura;;Piel de Giadrome;56;;;
;;;;Lanzagritos;39;2;;
;;;;Cráneo Giadrome;5;;;
;Rango Alto;Despiece;Cuerpo;Garra Giadrome +;40;;;
;;;;Escama Giaprey +;23;;;
;;;;Muslo Giadrome;20;;;
;;;;Piel de Giadrome;10;;;
;;;;Cráneo Giadrome;7;;;
;;Captura;;Muslo Giadrome;40;2;;
;;;;Lanzagritos;36;2;;
;;;;Escama Giaprey +;24;;;
Giaprey;Aldea;Despiece;Cuerpo;Escama Giaprey;52;;;
;;;;Piel de Giaprey;30;;;
;;;;H. monstr. pq.;18;;;
;Rango Alto;Despiece;Cuerpo;Escama Giaprey +;50;;;
;;;;Piel de Giaprey+;40;;;
;;;;H. monstr. pq.;10;;;
Gravios;Aldea; PorRotura;Estómago;Concha Gravios;90;;;
;;;;Bolsa somnífera;10;2;;
;;Despiece;Cuerpo;Concha Gravios;63;;;
;;;;Bolsa somnífera;20;;;
;;;;Bolsa de llama;12;;;
;;;;C. crán. Gravios;5;;;
;;;Cola;Concha Gravios;73;;;
;;;;H. monstr. gr.;23;;;
;;;;Piedra fuego;4;;;
;;Captura;;Bolsa de llama;41;2;;
;;;;Concha Gravios;32;;;
;;;;Bolsa somnífera;21;;;
;;;;Piedra fuego;6;;;
;;Punto brillante;;Lágrimas Wyvern;94;;;
;;;;Piedra fuego;6;;;
;Rango Alto; PorRotura;Estómago;Caparaz. Gravios;57;;;
;;;;Concha Gravios;33;;;
;;;;Bolsa somnífera;10;2;;
;;Despiece;Cuerpo;Caparaz. Gravios;50;;;
;;;;Concha Gravios;18;;;
;;;;Bolsa somnífera;10;;;
;;;;Bolsa infernal;10;;;
;;;;Piedra de Wyvern;7;;;
;;;;C. crán. Gravios;5;;;
;;;Cola;Caparaz. Gravios;66;;;
;;;;H. monstruo duro;20;;;
;;;;Tr. cer. Gravios;12;;;
;;;;Piedra lava;2;;;
;;Captura;;Bolsa infernal;34;;;
;;;;Caparaz. Gravios;32;;;
;;;;Bolsa somnífera;20;;;
;;;;Piedra fuego;8;;;
;;;;Piedra lava;6;;;
;;Punto brillante;;Lágrimas Wyvern;47;;;
;;;;Sollozos Wyvern;47;;;
;;;;Bolsa de llama;6;;;
;Rango G; PorRotura;Estómago puede romperse 2 veces;ConPesGravios;57;;;
;;;;Caparaz. Gravios;18;;;
;;;;Bolsa de coma;15;2;;
;;;;ConGraviosNgCiel;10;;;
;;Despiece;Cuerpo;ConPesGravios;50;;;
;;;;Bolsa de coma;17;;;
;;;;Caparaz. Gravios;10;;;
;;;;Bolsa lanzallam.;10;;;
;;;;Piedra Wyvern g.;7;;;
;;;;ConGraviosNgCiel;6;;;
;;;Cola;ConPesGravios;66;;;
;;;;HuesoMonstruoPes;20;;;
;;;;Tr. cer. Gravios;12;;;
;;;;Piedra lava;2;;;
;;Captura;;ConPesGravios;40;;;
;;;;Bolsa de coma;30;;;
;;;;Bolsa lanzallam.;16;;;
;;;;Piedra lava;14;;;
;;Suelta cuando se le despierta al estar muy dañado;;Sollozos Wyvern;60;;;
;;;;Lágrimas Wyvern;30;;;
;;;;Piedra lava;10;;;
Gravios Negro;Aldea; PorRotura;Estómago;Con. Gravios n.;90;;;
;;;;Bolsa somnífera;10;2;;
;;Despiece;Cuerpo;Con. Gravios n.;58;;;
;;;;Bolsa somnífera;20;;;
;;;;Bolsa de llama;12;;;
;;;;Con. Gravios n.;10;;;
;;;Cola;Con. Gravios n.;72;;;
;;;;H. monstr. gr.;25;;;
;;;;Piedra fuego;3;;;
;;Captura;;Bolsa de llama;41;3;;
;;;;Con. Gravios n.;32;;;
;;;;Bolsa somnífera;20;;;
;;;;Piedra fuego;7;;;
;;Punto brillante;;Lágrimas Wyvern;94;;;
;;;;Piedra fuego;6;;;
;Rango Alto; PorRotura;Estómago;Cap. Gravios n.;57;;;
;;;;Con. Gravios n.;35;;;
;;;;Piedra lava;8;;;
;;Despiece;Cuerpo;Cap. Gravios n.;50;;;
;;;;Con. Gravios n.;13;;;
;;;;Bolsa somnífera;10;;;
;;;;Bolsa infernal;10;;;
;;;;crán. Gravios n.;10;;;
;;;;Piedra de Wyvern;7;;;
;;;Cola;Cap. Gravios n.;58;;;
;;;;H. monstruo duro;25;;;
;;;;Bolsa infernal;9;;;
;;;;Tr. cer. Gravios;8;;;
;;Captura;;Bolsa infernal;34;;;
;;;;Cap. Gravios n.;32;;;
;;;;Bolsa somnífera;20;;;
;;;;Piedra fuego;8;;;
;;;;Piedra lava;6;;;
;;Punto brillante;;Lágrimas Wyvern;47;;;
;;;;Sollozos Wyvern;47;;;
;;;;Piedra lava;6;;;
;Rango G; PorRotura;Estómago puede romperse 2 veces;ConPesGraviosNgr;57;;;
;;;;Cap. Gravios n.;18;;;
;;;;Bolsa de coma;15;2;;
;;;;ConGraviosNgCiel;10;;;
;;Despiece;Cuerpo;ConPesGraviosNgr;50;;;
;;;;Bolsa de coma;17;;;
;;;;Cap. Gravios n.;10;;;
;;;;Bolsa lanzallam.;10;;;
;;;;Piedra Wyvern g.;7;;;
;;;;ConGraviosNgCiel;6;;;
;;;Cola;ConPesGraviosNgr;66;;;
;;;;HuesoMonstruoPes;20;;;
;;;;Tr. cer. Gravios;8;;;
;;;;Piedra lava;6;;;
;;Captura;;ConPesGraviosNgr;40;;;
;;;;Bolsa de coma;30;;;
;;;;Bolsa lanzallam.;16;;;
;;;;Piedra lava;14;;;
;;Suelta cuando se le despierta al estar muy dañado;;Sollozos Wyvern;60;;;
;;;;Lágrimas Wyvern;30;;;
;;;;Piedra lava;10;;;
;;Punto brillante;;Zumo Bicho eléc.;50;;;
;;;;Bicho eléctrico;30;;;
;;;;Fluido monstruo;20;;;
;;Punto brillante;;Zumo Bicho eléc.;70;;;
;;;;Caldo monstruo;20;;;
;;;;Bicho eléctrico;10;;;
Gypceros;Aldea; PorRotura;Cristal de la Cabeza;Mineral hierro;66;;;
;;;;Cristal ligero;29;;;
;;;;Cabeza Gypceros;5;;;
;;Despiece;Cuerpo;Piel gomosa;61;;;
;;;;Extracto poder;20;;;
;;;;Bolsa de veneno;10;;;
;;;;Cristal ligero;8;;;
;;;;Cabeza Gypceros;1;;;
;;Captura;;Bolsa de veneno;46;2;;
;;;;Extracto poder;34;2;;
;;;;Piel gomosa;20;;;
;;Punto brillante;;Lágrimas Wyvern;74;;;
;;;;Extracto poder;20;;;
;;;;Cristal ligero;6;;;
;Rango Alto; PorRotura;Cristal de la Cabeza;Min. Dragonita;68;;;
;;;;Cristal ligero;20;;;
;;;;Cristal nova;7;;;
;;;;Cabeza Gypceros;5;;;
;;Despiece;Cuerpo;Piel gomosa+;43;;;
;;;;Extracto poder;23;;;
;;;;Bolsa de toxinas;18;;;
;;;;Cristal nova;8;;;
;;;;Cabeza Gypceros;5;;;
;;;;Cristal ligero;3;;;
;;;Cuando se hace el muerto;Piel gomosa+;60;;;
;;;;Sollozos Wyvern;30;;;
;;;;Bolsa de toxinas;10;;;
;;Captura;;Bolsa de toxinas;42;2;;
;;;;Extracto poder;30;2;;
;;;;Piel gomosa+;18;;;
;;;;Piel gomosa;10;;;
;Rango G; PorRotura;Cabeza;Min. Dragonita;58;;;
;;;;Cristal nova;20;;;
;;;;Cabeza Gypceros;10;;;
;;;;Cristal puro;7;;;
;;;;CabGypcerosDura;5;;;
;;Despiece;Cuerpo;Piel gomosa Esp+;43;;;
;;;;Bolsa ven mortal;23;;;
;;;;Extracto poder;18;;;
;;;;Cristal nova;8;;;
;;;;CabGypcerosDura;5;;;
;;;;Cristal puro;3;;;
;;;Cuerpo mientras simula estar muerto;Piel gomosa Esp+;30;;;
;;;;Sollozos Wyvern;25;;;
;;;;Extracto poder;15;;;
;;;;Bolsa ven mortal;13;;;
;;;;Lágrimas Wyvern;10;;;
;;;;CabGypcerosDura;7;;;
;;Capturar la vida por debajo del 30%;;Bolsa ven mortal;42;2;;
;;;;Piel gomosa Esp+;18;;;
;;;;Bolsa de toxinas;15;2;;
;;;;Extracto poder;15;2;;
;;;;Piel gomosa+;10;;;
Gypceros Púrpura;Aldea; PorRotura;Cristal de la Cabeza;Mineral hierro;66;2;;
;;;;Cristal ligero;29;;;
;;;;Cabeza Gypceros;5;;;
;;Despiece;Cuerpo;Piel gomosa pura;61;;;
;;;;Extracto poder;20;;;
;;;;Bolsa de veneno;10;;;
;;;;Cristal ligero;8;;;
;;;;Cabeza Gypceros;1;;;
;;Captura;;Bolsa de veneno;46;2;;
;;;;Extracto poder;34;2;;
;;;;Piel gomosa pura;20;;;
;;Punto brillante;;Lágrimas Wyvern;74;;;
;;;;Extracto poder;20;;;
;;;;Cristal ligero;6;;;
;Rango Alto; PorRotura;Cristal de la Cabeza;Min. Dragonita;68;;;
;;;;Cristal ligero;20;;;
;;;;Cristal nova;7;;;
;;;;Cabeza Gypceros;5;;;
;;Despiece;Cuerpo;Ala Gypceros pur;43;;;
;;;;Extracto poder;23;;;
;;;;Bolsa de toxinas;18;;;
;;;;Cristal ligero;8;;;
;;;;Piel gomosa pura;5;;;
;;;;Cristal nova;3;;;
;;;Cuando se hace el muerto;Ala Gypceros pur;60;;;
;;;;Sollozos Wyvern;30;;;
;;;;Bolsa de toxinas;10;;;
;;Captura;;Bolsa de toxinas;42;2;;
;;;;Extracto poder;30;2;;
;;;;Ala Gypceros pur;18;;;
;;;;Piel gomosa pura;10;;;
;Rango G; PorRotura;Cabeza;Min. Dragonita;58;;;
;;;;Cristal nova;20;;;
;;;;Cabeza Gypceros;10;;;
;;;;Cristal puro;7;;;
;;;;CabGypcerosDura;5;;;
;;Despiece;Cuerpo;AlaGypPurDura;43;;;
;;;;Bolsa ven mortal;23;;;
;;;;Extracto poder;18;;;
;;;;Cristal nova;8;;;
;;;;CabGypcerosDura;5;;;
;;;;Cristal puro;3;;;
;;;Cuerpo mientras simula estar muerto;AlaGypPurDura;30;;;
;;;;Sollozos Wyvern;25;;;
;;;;Extracto poder;15;;;
;;;;Bolsa ven mortal;13;;;
;;;;Lágrimas Wyvern;10;;;
;;;;CabGypcerosDura;7;;;
;;Capturar la vida por debajo del 30%;;Bolsa ven mortal;42;2;;
;;;;AlaGypPurDura;18;;;
;;;;Bolsa de toxinas;15;2;;
;;;;Extracto poder;15;2;;
;;;;Ala Gypceros pur;10;;;
Hermitaur;Aldea;Despiece;Cuerpo;Con. Hermit. pq.;40;;;
;;;;Sesos Carapac.;34;;;
;;;;Garra afilada;26;;;
;Rango Alto;Despiece;Cuerpo;Sesos Carapac.;42;;;
;;;;Con. Hermit. pq.;20;;;
;;;;Con. Hermitaur;18;;;
;;;;Perla negra;10;;;
;;;;Sesos Carapac.+;10;;;
Hornetaur;Aldea;Despiece;Cuerpo;Concha Hornetaur;40;;;
;;;;Ala de Hornetaur;32;;;
;;;;Fluido monstruo;20;;;
;;;;Cabeza Hornetaur;8;;;
;Rango Alto;Despiece;Cuerpo;Cap. Hornetaur;40;;;
;;;;Caldo monstruo;19;;;
;;;;Cabeza Hornetaur;18;;;
;;;;Ala int. Hornet.;15;;;
;;;;Ala de Hornetaur;8;;;
Hypnocatrice;Aldea; PorRotura;Cabeza;Pico Hypno;90;;;
;;;;Bolsa somnífera;10;2;;
;;Despiece;Cuerpo;Gar Hypno gr cal;40;;;
;;;;PeloHypnoNarnja;32;;;
;;;;Bolsa somnífera;24;;;
;;;;Hypno Bezoar;4;;;
;;Captura;;PlmaColaArcoIris;36;;;
;;;;PeloHypnoNarnja;28;2;;
;;;;Bolsa somnífera;24;2;;
;;;;Pez somnífero;6;2;;
;;Suelta al dormirlo;;PeloHypnoNarnja;32;;;
;;;;Sollozos Wyvern;30;;;
;;;;Lágrimas Wyvern;30;;;
;;;;Hypno Bezoar;8;;;
;RangoAlto; PorRotura;Cabeza;Pico Hypno;90;;;
;;;;Bolsa somnífera;10;2;;
;;Despiece;Cuerpo;Gar Hypno gr cal;40;;;
;;;;PeloHypnoNarnja;32;;;
;;;;Bolsa somnífera;24;;;
;;;;Hypno Bezoar;4;;;
;;Captura;;PlmaColaArcoIris;36;;;
;;;;PeloHypnoNarnja;28;2;;
;;;;Bolsa somnífera;24;2;;
;;;;Pez somnífero;6;2;;
;;Suelta al dormirlo;;PeloHypnoNarnja;32;;;
;;;;Sollozos Wyvern;30;;;
;;;;Lágrimas Wyvern;30;;;
;;;;Hypno Bezoar;8;;;
;Rango G; PorRotura;Cabeza;Colmillo Hypno;85;;;
;;;;Pico Hypno;10;;;
;;;;Bolsa somnífera;5;2;;
;;Despiece;Cuerpo;Garra Hypno+;30;;;
;;;;PeloHypnoNarnja+;28;;;
;;;;PeloHypnoNarnja;12;;;
;;;;Gar Hypno gr cal;10;;;
;;;;Hypno Bezoar;8;;;
;;;;Bolsa somnífera;8;;;
;;;;Hypno Bezoar +;4;;;
;;Captura;;PeloHypnoNarnja+;28;;;
;;;;PlmaColaArcoIris;25;;;
;;;;Garra Hypno+;15;;;
;;;;Hypno Bezoar;12;;;
;;;;Bolsa somnífera;10;2;;
;;;;Hypno Bezoar +;6;;;
;;;;PeloHypnoNarnja;4;2;;
;;Suelta al dormirlo;;Sollozos Wyvern;40;;;
;;;;PeloHypnoNarnja+;32;;;
;;;;Lágrimas Wyvern;20;;;
;;;;Hypno Bezoar +;8;;;
Iodrome;Aldea;Despiece;Cuerpo;Piel de Iodrome;48;;;
;;;;Bolsa de veneno;35;;;
;;;;Escama Ioprey;15;;;
;;;;Cráneo Iodrome;2;;;
;;Captura;;Piel de Iodrome;56;;;
;;;;Bolsa de veneno;39;2;;
;;;;Cráneo Iodrome;5;;;
;Rango Alto;Despiece;Cuerpo;Bolsa de toxinas;30;;;
;;;;Escama Ioprey+;28;;;
;;;;Piel de Ioprey+;25;;;
;;;;Piel de Iodrome;10;;;
;;;;Cráneo Iodrome;7;;;
;;Captura;;Piel de Ioprey+;40;2;;
;;;;Bolsa de toxinas;36;2;;
;;;;Escama Ioprey+;24;2;;
Ioprey;Aldea;Despiece;Cuerpo;Colmillo Ioprey;47;;;
;;;;Escama Ioprey;38;;;
;;;;Piel de Ioprey;15;;;
;Rango Alto;Despiece;Cuerpo;Colmillo Ioprey;35;;;
;;;;Escama Ioprey+;35;;;
;;;;Piel de Ioprey+;35;;;
Kelbi;Aldea;Despiece;Cuerpo;Cuerno de Kelbi;50;;;
;;;;Piel de Kelbi;32;;;
;;;;Hígado blanco;15;;;
;;;;Carne cruda;3;;;
;Rango Alto;Despiece;Cuerpo;Cuerno de Kelbi;35;;;
;;;;Piel alta calid.;25;;;
;;;;Piel de Kelbi;22;;;
;;;;Hígado blanco;15;;;
;;;;Carne cruda;3;;;
Khezu;Aldea; PorRotura;Cabeza/Espalda;Extracto pálido;92;;;
;;;;Hueso pálido;8;;;
;;Despiece;Cuerpo;Piel blanda;50;;;
;;;;Extracto pálido;35;;;
;;;;Bolsa eléctrica;15;;;
;;Captura;;Extracto pálido;40;2;;
;;;;Piel blanda;32;;;
;;;;Bolsa eléctrica;20;2;;
;;;;Hueso pálido;8;;;
;;Punto brillante;;Lágrimas Wyvern;75;;;
;;;;Extracto pálido;20;;;
;;;;Hueso pálido;5;;;
;Rango Alto; PorRotura;Cabeza/Espalda;Extracto pálido;77;;;
;;;;Hueso pálido;15;;;
;;;;Fil. Khezu pál.;8;;;
;;Despiece;Cuerpo;Piel Khezu Curt.;50;;;
;;;;Extracto pálido;27;;;
;;;;Bolsa de trueno;15;;;
;;;;Piel blanda;4;;;
;;;;Piedra de Wyvern;4;;;
;;Captura;;Extracto pálido;40;2;;
;;;;Piel Khezu Curt.;32;;;
;;;;Bolsa de trueno;20;2;;
;;;;Fil. Khezu pál.;8;;;
;;Punto brillante;;Sollozos Wyvern;38;;;
;;;;Lágrimas Wyvern;37;;;
;;;;Extracto pálido;20;;;
;;;;Fil. Khezu pál.;5;;;
;Rango G; PorRotura;Cabeza y espalda (arañada);Piel crema Khezu;50;;;
;;;;Extracto pálido;27;;;
;;;;Fil. Khezu pál.;15;;;
;;;;CorteEspKhezu;8;;;
;;Despiece;Cuerpo;Piel crema Khezu;50;;;
;;;;Bolsa de rayo;20;;;
;;;;Bolsa de trueno;14;;;
;;;;Piedra de Wyvern;8;;;
;;;;Piel Khezu Curt.;4;;;
;;;;Piedra Wyvern g.;4;;;
;;Capturar la vida por debajo del 10%;;Piel crema Khezu;35;;;
;;;;Bolsa de trueno;25;2;;
;;;;Bolsa de rayo;17;2;;
;;;;Fil. Khezu pál.;15;;;
;;;;CorteEspKhezu;8;;;
;;Suelta cuando Punto brillante ácido desde el techo;;Sollozos Wyvern;50;;;
;;;;Lágrimas Wyvern;25;;;
;;;;Fil. Khezu pál.;10;;;
;;;;Extracto pálido;8;;;
;;;;CorteEspKhezu;7;;;
Khezu Rojo;Aldea; PorRotura;Cabeza/Espalda;Extracto pálido;92;;;
;;;;Hueso pálido;8;;;
;;Despiece;Cuerpo;Piel seductora;50;;;
;;;;Extracto pálido;35;;;
;;;;Bolsa eléctrica;15;;;
;;Captura;;Extracto pálido;40;2;;
;;;;Piel seductora;32;;;
;;;;Bolsa eléctrica;20;2;;
;;;;Hueso pálido;8;;;
;;Punto brillante;;Lágrimas Wyvern;75;;;
;;;;Extracto pálido;20;;;
;;;;Hueso pálido;5;;;
;Rango Alto; PorRotura;Cabeza/Espalda;Extracto pálido;77;;;
;;;;Hueso pálido;15;;;
;;;;Fil. Khezu pál.;8;;;
;;Despiece;Cuerpo;Cincha seductora;50;;;
;;;;Extracto pálido;27;;;
;;;;Bolsa de trueno;15;;;
;;;;Piel seductora;4;;;
;;;;Piedra de Wyvern;4;;;
;;Captura;;Extracto pálido;40;2;;
;;;;Cincha seductora;32;;;
;;;;Bolsa de trueno;20;2;;
;;;;Fil. Khezu pál.;8;;;
;;Punto brillante;;Lágrimas Wyvern;38;;;
;;;;Sollozos Wyvern;37;;;
;;;;Extracto pálido;20;;;
;;;;Fil. Khezu pál.;5;;;
;Rango G; PorRotura;Cabeza y espalda (arañada);Ala seduct. dura;50;;;
;;;;Extracto pálido;27;;;
;;;;Fil. Khezu pál.;15;;;
;;;;CorteEspKhezu;8;;;
;;Despiece;Cuerpo;Ala seduct. dura;50;;;
;;;;Bolsa de rayo;20;;;
;;;;Bolsa de trueno;14;;;
;;;;Piedra de Wyvern;8;;;
;;;;Cincha seductora;4;;;
;;;;Piedra Wyvern g.;4;;;
;;Capturar la vida por debajo del 10%;;Ala seduct. dura;35;;;
;;;;Bolsa de trueno;25;2;;
;;;;Bolsa de rayo;17;2;;
;;;;Fil. Khezu pál.;15;;;
;;;;CorteEspKhezu;8;;;
;;Suelta cuando Punto brillante ácido desde el techo;;Sollozos Wyvern;50;;;
;;;;Lágrimas Wyvern;25;;;
;;;;Fil. Khezu pál.;10;;;
;;;;Extracto pálido;8;;;
;;;;CorteEspKhezu;7;;;
;;;;No hay partes rompibles;0;;;
King Shakalaka;Aldea; PorRotura;;;;;;
;;Despiece;Cuerpo;Tesoro Shakalaka;38;;;
;;;;Heren. Shakalaka;20;;;
;;;;Esfera armadura+;14;;;
;;;;Esfera armadura;10;;;
;;;;Joya campo bat.;10;;;
;;;;Joya lapislázuli;8;;;
;;Punto brillante;;Heren. Shakalaka;25;;;
;;;;Tesoro Shakalaka;15;;;
;;;;Piedra armadura;15;;;
;;;;Joya campo bat.;15;;;
;;;;Huevo de plata;8;;;
;;;;Esf. armad. dura;6;;;
;;;;Joya lapislázuli;6;;;
;;;;Huevo de oro;4;;;
;;;;Esf. armad. pes.;2;;;
;;;;No hay partes rompibles;0;;;
;Rango Alto;;;;;;;
;;Despiece;Cuerpo;Tesoro Shakalaka;38;;;
;;;;Heren. Shakalaka;20;;;
;;;;Esfera armadura+;14;;;
;;;;Esfera armadura;10;;;
;;;;Joya campo bat.;10;;;
;;;;Joya lapislázuli;8;;;
;;Punto brillante;;Heren. Shakalaka;25;;;
;;;;Tesoro Shakalaka;15;;;
;;;;Piedra armadura;15;;;
;;;;Joya campo bat.;15;;;
;;;;Huevo de plata;8;;;
;;;;Esf. armad. dura;6;;;
;;;;Joya lapislázuli;6;;;
;;;;Huevo de oro;4;;;
;;;;Esf. armad. pes.;2;;;
;;;;No hay partes rompibles;0;;;
;Rango G; PorRotura;;;;;;
;;Despiece;Cuerpo;Heren. Shakalaka;25;;;
;;;;Tesoro Shakalaka;20;;;
;;;;TesoroShakalaka+;18;;;
;;;;Joya campo bat.;12;;;
;;;;Joya lapislázuli;10;;;
;;;;Esf. armad. dura;10;;;
;;;;Esf. armad. pes.;3;;;
;;;;Esf. armad. real;2;;;
;;Punto brillante;;TesoroShakalaka+;20;;;
;;;;Heren. Shakalaka;16;;;
;;;;Piedra armadura;15;;;
;;;;Joya campo bat.;10;;;
;;;;Huevo de oro;8;;;
;;;;Esf. armad. dura;8;;;
;;;;Joya lapislázuli;6;;;
;;;;Esf. armad. pes.;4;;;
;;;;Huevo de plata;4;;;
;;;;Esf. armad. real;3;;;
;;;;Esf. armad. aut.;2;;;
;;* puede dejar caer objetos que explotan recogelos bajo tu propio riesgo;;;;;;
Kirin;Aldea;Recompensa por rotura Sin Recompensa;;;;;;
;;Despiece;Cuerpo;Crin de Kirin;39;;;
;;;;Cola Kirin true.;24;;;
;;;;Cristal ligero;15;;;
;;;;Cuerno de Kirin;12;;;
;;;;Piel de Kirin;10;;;
;Rango Alto;PoRotura;;Sin Recompensa;;;;
;;Despiece;Cuerpo;Cola Kirin true.;20;;;
;;;;Piel de Kirin+;18;;;
;;;;Cuerno Kirin ce.;15;;;
;;;;Cristal nova;15;;;
;;;;Piel de Kirin;12;;;
;;;;Cuerno de Kirin;12;2;;
;;;;Crin de Kirin;8;;;
;;;;No hay partes rompibles;0;;;
;Rango G; PorRotura;;Sin Recompensa;;;;
;;Despiece;Cuerpo;Crin platino;34;;;
;;;;CueroColaKirinTr;24;;;
;;;;Piel Kirin Espc+;18;;;
;;;;Cristal puro;10;;;
;;;;Piel de Kirin+;4;;;
Kushala Daora;Aldea; PorRotura;Cuerno;Cuerno de Daora;95;;;
;;;;Sangre dr. anc.;5;;;
;;;Alas;Cincha de Daora;67;;;
;;;;Esc. drg. Daora;18;;;
;;;;Garra de Daora;15;;;
;;Despiece;Cuerpo;Esc. drg. Daora;50;;;
;;;;Concha de Daora;32;;;
;;;;H. dragón viejo;10;;;
;;;;Garra de Daora;5;;;
;;;;Sangre dr. anc.;3;;;
;;;Cola;Cola de Daora;53;;;
;;;;Concha de Daora;42;;;
;;;;Esc. drag. podr.;5;;;
;;Punto brillante;;Tesoro de dragón;35;;;
;;;;Esc. drag. podr.;15;;;
;;;;Esc. drg. Daora;8;;;
;;;;Sangre dr. anc.;2;;;
;Rango Alto; PorRotura;Cuerno;Cuerno de Daora;88;;;
;;;;Sangre dr. anc.;8;;;
;;;;Joya de Daora;4;;;
;;;Alas;Cincha de Daora;50;;;
;;;;Esc. drg. Daora+;32;;;
;;;;Garra afil Daora;15;;;
;;;;Joya de Daora;3;;;
;;Despiece;Cuerpo;Esc. drg. Daora+;40;;;
;;;;Caparazón Daora;30;;;
;;;;Concha de Daora;18;;;
;;;;Garra afil Daora;5;;;
;;;;Sangre dr. anc.;5;;;
;;;;Joya de Daora;2;2;;
;;;Cola;Cola de Daora;45;;;
;;;;Caparazón Daora;35;;;
;;;;Concha de Daora;18;;;
;;;;Joya de Daora;2;;;
;;Punto brillante;;Tesoro de dragón;35;;;
;;;;Tes. drag. ant.;35;;;
;;;;Esc. drg. Daora+;23;;;
;;;;Sangre dr. anc.;4;;;
;;;;Joya de Daora;3;;;
;Rango G; PorRotura;Cuerno solo se rompe cuando la vida es menor del 60%;CuernoDaoraDuro;88;;;
;;;;Joya de Daora;6;;;
;;;;Sangre dr. anc.;4;;;
;;;;Joya DragTierrGr;2;;;
;;;Alas;Ala Daora dura;67;;;
;;;;EscDragDaoraGr;22;;;
;;;;Garra afil Daora;5;;;
;;;;Joya de Daora;5;;;
;;;;Joya DragTierrGr;1;;;
;;Despiece;Cuerpo;EscDragDaoraGr;40;;;
;;;;ConPesDaora;30;;;
;;;;Caparazón Daora;13;;;
;;;;Sangre dr. anc.;8;;;
;;;;Garra afil Daora;5;;;
;;;;Joya de Daora;3;;;
;;;;Joya DragTierrGr;1;;;
;;;Cola cuando la vida está por debajo del 30%;Cuero cola Daora;60;;;
;;;;ConPesDaora;28;;;
;;;;Caparazón Daora;6;;;
;;;;Joya de Daora;4;;;
;;;;Joya DragTierrGr;2;;;
;;Suelta cuando entra en modo furia o al reactivarse el aura de viento;;Tes. drag. ant.;44;;;
;;;;EscDragDaoraGr;23;;;
;;;;Tesoro de dragón;18;;;
;;;;Sangre dr. anc.;8;;;
;;;;Joya de Daora;5;;;
;;;;Joya DragTierrGr;2;;;
Lao-Shan Lung;RangoBajo; PorRotura;Cuerno;Cuerno Lao-Shan;100;;;
;;;Cabeza;Concha Lao-Shan;65;;;
;;;;Piedra ox. plana;7;;;
;;;;Piedra ox. gr.;7;;;
;;;;Piedra ox. peq.;7;;;
;;;;Vara piedra ox.;7;;;
;;;;Piedra oxidada;7;;;
;;;Espalda;Concha Lao-Shan;75;;;
;;;;Piedra ox. plana;5;;;
;;;;Piedra ox. gr.;5;;;
;;;;Piedra ox. peq.;5;;;
;;;;Vara piedra ox.;5;;;
;;;;Piedra oxidada;5;;;
;;;Hombro izquierdo;Escama Lao-Shan;58;;;
;;;;Concha Lao-Shan;42;;;
;;;Hombro derecho;Escama Lao-Shan;58;;;
;;;;Concha Lao-Shan;42;;;
;;Despiece;Cuerpo;Escama Lao-Shan;58;;;
;;;;Concha Lao-Shan;37;;;
;;;;Garra Lao-Shan;5;;;
;;;Espalda 3;H. dragón viejo;35;;;
;;;;Escama Lao-Shan;28;;;
;;;;Hierba de dragón;25;;;
;;;;Concha Lao-Shan;12;;;
Lao-Shan Lung Ceniza;Rango Alto; PorRotura;Cuerno;Cuerno Lao-S ce.;97;;;
;;;;Rubí Lao-Shan;3;2;;
;;;Cabeza;Capar. Lao-Shan;57;;;
;;;;Concha Lao-S ce.;18;;;
;;;;Piedra ant. gr.;6;2;;
;;;;Piedra antigua;6;;;
;;;;Piedra pla. ant;5;;;
;;;;Vara piedra ant.;5;;;
;;;;Piedra ant. peq.;3;;;
;;;Espalda;Capar. Lao-Shan;48;;;
;;;;Concha Lao-S ce.;25;;;
;;;;Piedra antigua;7;;;
;;;;Piedra pla. ant;6;;;
;;;;Piedra ant. peq.;5;;;
;;;;Piedra ant. gr.;4;;;
;;;;Vara piedra ant.;3;;;
;;;;Rubí Lao-Shan;2;;;
;;;Hombro izquierdo;Concha Lao-S ce.;57;;;
;;;;Escama Lao-Shan+;41;;;
;;;;Rubí Lao-Shan;2;;;
;;;Hombro derecho;Concha Lao-S ce.;57;;;
;;;;Escama Lao-Shan+;41;;;
;;;;Rubí Lao-Shan;2;;;
;;Despiece;Cuerpo;Concha Lao-S ce.;38;;;
;;;;Escama Lao-Shan+;29;;;
;;;;Garra Lao-Shan;16;;;
;;;;Concha Lao-Shan;9;;;
;;;;Capar. Lao-Shan;5;;;
;;;;Rubí Lao-Shan;3;;;
;;;Espalda 3;H. dragón viejo;35;;;
;;;;Escama Lao-Shan+;28;;;
;;;;Hierba de dragón;25;;;
;;;;Concha Lao-S ce.;12;;;
;Rango G; PorRotura;Cuerno;Cuerno Lao-S ce.;90;;;
;;;;Rubí Lao-Shan;7;2;;
;;;;EscLao-ShanCielo;3;;;
;;;Corona de la Cabeza;ConPesLao-Shan;70;;;
;;;;Concha Lao-S ce.;20;;;
;;;;Piedra antigua;2;2;;
;;;;Piedra pla. ant;2;;;
;;;;Piedra ant. gr.;2;;;
;;;;Piedra ant. peq.;2;;;
;;;;Vara piedra ant.;2;;;
;;;Placas de la Espalda;ConPesLao-Shan;63;;;
;;;;Capar. Lao-Shan;25;;;
;;;;Piedra antigua;2;;;
;;;;Piedra pla. ant;2;;;
;;;;Piedra ant. gr.;2;;;
;;;;Piedra ant. peq.;2;;;
;;;;Vara piedra ant.;2;;;
;;;Hombro izquierdo;ConPesLao-Shan;53;;;
;;;;EscLao-ShanPes;40;;;
;;;;Rubí Lao-Shan;5;;;
;;;;EscLao-ShanCielo;2;;;
;;;Hombro derecho;ConPesLao-Shan;53;2;;
;;;;EscLao-ShanPes;40;;;
;;;;Rubí Lao-Shan;5;;;
;;;;EscLao-ShanCielo;2;;;
;;Despiece;Cuerpo;ConPesLao-Shan;35;2;;
;;;;EscLao-ShanPes;26;;;
;;;;GarraLao-ShanCel;15;;;
;;;;Concha Lao-S ce.;10;;;
;;;;Capar. Lao-Shan;5;;;
;;;;Rubí Lao-Shan;5;;;
;;;;EscLao-ShanCielo;3;;;
;;;Espalda 3 Despiece en vivo;HuesoWyvernTieGr;35;2;;
;;;;EscLao-ShanPes;28;;;
;;;;Hierba de dragón;25;;;
;;;;ConPesLao-Shan;12;;;
Lavasioth;Rango G; PorRotura;Cara;ColPesLavasioth;73;;;
;;;;ConPesLavasioth;21;;;
;;;;Piedra lava;6;;;
;;;Aletacualquier daño;AletaLavasEsp+;92;;;
;;;;EscGrsaLavasioth;8;;;
;;Despiece;Cuerpo;EscGrsaLavasioth;43;;;
;;;;ConPesLavasioth;30;;;
;;;;ColPesLavasioth;8;;;
;;;;Piedra lava;8;;;
;;;;AletaLavasEsp+;6;;;
;;;;Piedra Wyvern g.;5;;;
;;Capturar la lava de su piel deja de brillar;;EscGrsaLavasioth;43;;;
;;;;ConPesLavasioth;27;;;
;;;;AletaLavasEsp+;24;;;
;;;;ColPesLavasioth;6;;;
;;Suelta al noquearlo (martillo cuerno de caza o usando ballesta);;Sollozos Wyvern;55;;;
;;;;Lágrimas Wyvern;25;;;
;;;;EscGrsaLavasioth;16;;;
;;;;Piedra lava;4;;;
Lunastra;Aldea; PorRotura;Cuerno;Cuerno Lunastra;100;;;
;;;Ala;Cincha dr. fuego;72;;;
;;;;Garra dr. fuego;28;;;
;;Despiece;Cuerpo;Concha Lunastra;28;;;
;;;;Esc. dr. fuego;24;2;;
;;;;Garra dr. fuego;21;;;
;;;;Crin de Lunastra;12;;;
;;;;Cincha dr. fuego;10;;;
;;;;Sangre dr. anc.;5;;;
;;;Cola;Cola de Lunastra;59;;;
;;;;H. dragón viejo;23;;;
;;;;Concha Lunastra;18;;;
;;Punto brillante;;Tesoro de dragón;75;;;
;;;;Esc. dr. fuego;15;;;
;;;;Sangre dr. anc.;10;;;
;Rango Alto; PorRotura;Cuerno daño dragón solo cuando la vida es menor del 60%;Púa Lunastra;80;;;
;;;;Cuerno Lunastra;20;;;
;;;Alas se deben romper al mismo tiempo;Polvo dr. fuego;50;;;
;;;;Cincha dr. fuego;20;;;
;;;;Garra dr. fuego;20;;;
;;;;Cincha dr. fuego;10;;;
;;Despiece;Cuerpo;Cap. Lunastra;28;;;
;;;;Esc. dr. fuego;24;;;
;;;;Garra dr. fuego;21;;;
;;;;Crin de Lunastra;12;;;
;;;;Joya dr. fuego;10;;;
;;;;Sangre dr. anc.;5;;;
;;;Cola cuando la vida está por debajo del 40%;Cola de Lunastra;34;;;
;;;;H. dragón viejo;32;;;
;;;;Concha Lunastra;20;;;
;;;;Cap. Lunastra;12;;;
;;;;Joya dr. fuego;2;;;
;;Suelta cuando entra en modo furia o al reactivarse el aura de viento;;Tesoro de dragón;38;;;
;;;;Tes. drag. ant.;37;;;
;;;;Esc. dr. fuego +;12;;;
;;;;Sangre dr. anc.;10;;;
;;;;Joya dr. fuego;3;;;
;;Punto brillante;;Bolsa secreta;72;;;
;;;;Atún glotón;15;;;
;;;;Vid Felyne;8;;;
;;;;Sello hue. zarpa;5;;;
;;Punto brillante;;Bolsa secreta;64;;;
;;;;Vid Felyne;16;;;
;;;;Atún gastrónomo;12;;;
;;;;Sello hue. zarpa;8;;;
Monoblos;Aldea; PorRotura;Cuerno;CuernoRojoAltaCa;60;;;
;;;;Cuerno encarnado;40;;;
;;Despiece;Cuerpo;Cap. Monoblos;55;;;
;;;;Tórax Monoblos;20;;;
;;;;Colmillo de Blos;16;;;
;;;;Piedra de Wyvern;5;;;
;;;;Corazón Monoblos;4;;;
;;;Cola;Cap. Monoblos;70;;;
;;;;H. monstruo duro;20;;;
;;;;Concha Monoblos;10;;;
;;Capturar la vida por debajo del 40%;;Cap. Monoblos;65;;;
;;;;Tórax Monoblos;29;;;
;;;;Corazón Monoblos;6;;;
;;Suelta cuando se clava el cuerno en la pared;;Sollozos Wyvern;48;;;
;;;;Lágrimas Wyvern;48;;;
;;;;Corazón Monoblos;4;;;
Monoblos Blanco;Aldea; PorRotura;Cuerno;CuernoPlatAltaCa;60;;;
;;;;Cuerno Mon. bl.;40;;;
;;Despiece;Cuerpo;Cap. Monoblos bl;55;;;
;;;;Tórax Monobl bl;20;;;
;;;;Colmillo de Blos;16;;;
;;;;Piedra de Wyvern;5;;;
;;;;Corazón Monoblos;4;;;
;;;Cola;Cap. Monoblos bl;70;;;
;;;;H. monstruo duro;20;;;
;;;;Concha Mon. bl.;10;;;
;;Capturar la vida por debajo del 40%;;Cap. Monoblos bl;65;;;
;;;;Tórax Monobl bl;29;;;
;;;;Corazón Monoblos;6;2;;
;;Suelta cuando se clava el cuerno en la pared;;Sollozos Wyvern;48;;;
;;;;Lágrimas Wyvern;48;;;
;;;;Corazón Monoblos;4;2;;
Mosswine;Aldea;Despiece;Cuerpo;Seta azul;45;;;
;;;;Carne cruda;30;2;;
;;;;Seta especial;20;2;;
;;;;Piel de Mosswine;5;2;;
;Rango Alto;Despiece;Cuerpo;Seta azul;42;;;
;;;;Carne cruda;20;;;
;;;;Seta especial;20;;;
;;;;Seta selecta;10;;;
;;;;Piel de Mosswine;8;;;
Nargacuga;Aldea; PorRotura;Cola la cola aparece dañada;Púa Cola Narga;75;2;;
;;;;Piel Narga ngr;17;;;
;;;;Cerebro Narga;8;2;;
;;;Alas golpea las ALAS no las patas;Ala cuch. Narga;60;;;
;;;;Ala cuch. Narga;25;;;
;;;;Piel Narga ngr;15;;;
;;;Cabeza;Colm. Nargacuga+;70;;;
;;;;Escama Narga+;30;2;;
;;Despiece;Cuerpo;Escama Narga+;45;4;;
;;;;Piel Narga ngr;25;;;
;;;;Colm. Nargacuga+;15;;;
;;;;Ala cuch. Narga;10;2;;
;;;;Cola Nargacuga;5;;;
;;;Cola debe estar enfurecido para cortarsela;Cola Nargacuga;82;2;;
;;;;Púa Cola Narga;10;3;;
;;;;Cerebro Narga;8;2;;
;;Captura;;Piel Narga ngr;40;2;;
;;;;Colm. Nargacuga+;20;;;
;;;;Cola Nargacuga;20;4;;
;;;;Escama Narga+;16;;;
;;;;Cerebro Narga;4;;;
;;Suelta bomba sónica al ponerse en pose de salto;;Lágrimas Wyvern;38;;;
;;;;Sollozos Wyvern;37;;;
;;;;Escama Narga+;25;;;
;RangoAlto; PorRotura;Cola la cola aparece dañada;Púa Cola Narga;75;2;;
;;;;Piel Narga ngr;17;;;
;;;;Cerebro Narga;8;2;;
;;;Alas golpea las ALAS no las patas;Ala cuch. Narga;60;;;
;;;;Ala cuch. Narga;25;;;
;;;;Piel Narga ngr;15;;;
;;;Cabeza;Colm. Nargacuga+;70;;;
;;;;Escama Narga+;30;2;;
;;Despiece;Cuerpo;Escama Narga+;45;4;;
;;;;Piel Narga ngr;25;;;
;;;;Colm. Nargacuga+;15;;;
;;;;Ala cuch. Narga;10;2;;
;;;;Cola Nargacuga;5;;;
;;;Cola debe estar enfurecido para cortarsela;Cola Nargacuga;82;2;;
;;;;Púa Cola Narga;10;3;;
;;;;Cerebro Narga;8;2;;
;;Captura;;Piel Narga ngr;40;2;;
;;;;Colm. Nargacuga+;20;;;
;;;;Cola Nargacuga;20;4;;
;;;;Escama Narga+;16;;;
;;;;Cerebro Narga;4;;;
;;Suelta bomba sónica al ponerse en pose de salto;;Lágrimas Wyvern;38;;;
;;;;Sollozos Wyvern;37;;;
;;;;Escama Narga+;25;;;
;Rango G; PorRotura;Cola la cola aparece dañada;PúaColaNargaDur;70;;;
;;;;Púa Cola Narga;12;;;
;;;;Cerebro Narga;10;;;
;;;;Piel Narga ngr+;8;;;
;;;Alas golpea las ALAS no las patas;AlaCuchNargaFrte;60;;;
;;;;AlaCuchNargaFrte;20;;;
;;;;Piel Narga ngr+;12;;;
;;;;Ala cuch. Narga;8;2;;
;;;Cabeza;ColPesNargacuga;65;2;;
;;;;EscamaNargaGru;20;;;
;;;;EscamaNargaCielo;8;2;;
;;;;Colm. Nargacuga+;7;;;
;;Despiece;Cuerpo;EscamaNargaGru;40;;;
;;;;Piel Narga ngr+;20;;;
;;;;Escama Narga+;13;;;
;;;;ColPesNargacuga;12;;;
;;;;AlaCuchNargaFrte;8;;;
;;;;CueroColaNarga;5;;;
;;;;EscamaNargaCielo;2;;;
;;;Cola debe estar enfurecido para cortarsela;CueroColaNarga;75;;;
;;;;Cerebro Narga;10;;;
;;;;PúaColaNargaDur;8;2;;
;;;;Cola Nargacuga;7;3;;
;;Captura;;Piel Narga ngr+;35;;;
;;;;ColPesNargacuga;18;;;
;;;;EscamaNargaGru;16;;;
;;;;CueroColaNarga;15;;;
;;;;Piel Narga ngr;10;;;
;;;;Cerebro Narga;6;;;
;;Suelta bomba sónica al ponerse en pose de salto;;Sollozos Wyvern;50;;;
;;;;Lágrimas Wyvern;25;;;
;;;;EscamaNargaGru;21;;;
;;;;EscamaNargaCielo;4;;;
Plesioth;Aldea; PorRotura;Aleta;Aleta Plesioth;92;;;
;;;;Escama Plesioth;8;;;
;;Despiece;Cuerpo;Escama Plesioth;70;;;
;;;;Aleta Plesioth;22;3;;
;;;;Concha Lang. pq.;8;;;
;;Captura;;Escama Plesioth;39;;;
;;;;Colmillo Wyvern;33;;;
;;;;Aleta Plesioth;18;;;
;;;;Concha Lang. pq.;10;2;;
;;Punto brillante;;Lágrimas Wyvern;75;;;
;;;;Escama Plesioth;22;;;
;;;;Aleta Plesioth;3;;;
;Rango Alto; PorRotura;Aleta;Aleta Plesioth +;87;;;
;;;;Escama Plesioth+;8;;;
;;;;Aleta Plesioth;5;;;
;;Despiece;Cuerpo;Escama Plesioth+;64;;;
;;;;Aleta Plesioth +;18;;;
;;;;Concha Lang. pq.;10;;;
;;;;Piedra de Wyvern;6;;;
;;;;Gran conc. Lang.;2;;;
;;Captura;;Colmillo Wyvern;30;;;
;;;;Escama Plesioth+;27;;;
;;;;Aleta Plesioth +;18;;;
;;;;Concha Lang. pq.;12;2;;
;;;;Gran conc. Lang.;8;;;
;;;;Escama Plesioth;5;;;
;;Punto brillante;;Lágrimas Wyvern;33;2;;
;;;;Sollozos Wyvern;27;;;
;;;;Escama Plesioth+;25;;;
;;;;Aleta Plesioth;10;;;
;Rango G; PorRotura;Aleta desde la espalda y Estómago;AletPlesiothEsp+;87;;;
;;;;Esc Plesioth gr.;8;;;
;;;;Aleta Plesioth +;5;2;;
;;Despiece;Cuerpo;Esc Plesioth gr.;60;;;
;;;;AletPlesiothEsp+;23;;;
;;;;Gran conc. Lang.;10;;;
;;;;Piedra Wyvern g.;5;2;;
;;;;ConGranLangosta;2;3;;
;;Capturar pliega la aleta la vida por debajo del 30%;;Esc Plesioth gr.;32;;;
;;;;AletPlesiothEsp+;23;;;
;;;;ColPesPiscine;20;;;
;;;;Gran conc. Lang.;12;;;
;;;;ConGranLangosta;8;;;
;;;;Escama Plesioth+;5;;;
;;Suelta tras pescarlo con una rana;;Sollozos Wyvern;42;;;
;;;;Lágrimas Wyvern;23;;;
;;;;Esc Plesioth gr.;25;;;
;;;;AletPlesiothEsp+;10;;;
Plesioth Verde;Aldea; PorRotura;Aleta;Al. Plesioth v.;92;;;
;;;;Esc. Plesioth v.;8;;;
;;Despiece;Cuerpo;Esc. Plesioth v.;70;;;
;;;;Al. Plesioth v.;22;3;;
;;;;Concha Lang. pq.;8;;;
;;Captura;;Esc. Plesioth v.;39;;;
;;;;Colmillo Piscine;35;;;
;;;;Al. Plesioth v.;18;;;
;;;;Concha Lang. pq.;8;2;;
;;Punto brillante;;Lágrimas Wyvern;75;;;
;;;;Esc. Plesioth v.;22;;;
;;;;Al. Plesioth v.;3;;;
;Rango Alto; PorRotura;Aleta;Al. Plesioth v.+;87;;;
;;;;Esc. Plesioth v+;8;;;
;;;;Al. Plesioth v.;5;;;
;;Despiece;Cuerpo;Esc. Plesioth v+;60;;;
;;;;Al. Plesioth v.+;22;;;
;;;;Concha Lang. pq.;10;;;
;;;;Piedra de Wyvern;6;;;
;;;;Gran conc. Lang.;2;;;
;;Captura;;Colmillo Wyvern;30;;;
;;;;Esc. Plesioth v+;27;;;
;;;;Al. Plesioth v.+;18;;;
;;;;Concha Lang. pq.;12;2;;
;;;;Gran conc. Lang.;8;;;
;;;;Esc. Plesioth v.;5;;;
;;Punto brillante;;Lágrimas Wyvern;33;2;;
;;;;Sollozos Wyvern;32;;;
;;;;Esc. Plesioth v+;25;;;
;;;;Al. Plesioth v.+;10;;;
;Rango G; PorRotura;Aleta desde la espalda y Estómago;AletaPlesVrdEsp+;87;;;
;;;;EscPlesiothVrdGr;8;;;
;;;;Al. Plesioth v.+;5;;;
;;Despiece;Cuerpo;EscPlesiothVrdGr;60;;;
;;;;AletaPlesVrdEsp+;23;;;
;;;;Gran conc. Lang.;10;;;
;;;;Piedra Wyvern g.;5;;;
;;;;ConGranLangosta;2;;;
;;Capturar pliega la aleta la vida por debajo del 30%;;EscPlesiothVrdGr;32;;;
;;;;AletaPlesVrdEsp+;23;;;
;;;;ColPesPiscine;20;;;
;;;;Gran conc. Lang.;12;;;
;;;;ConGranLangosta;8;;;
;;;;Esc. Plesioth v+;5;;;
;;Suelta tras pescarlo con una rana;;Sollozos Wyvern;42;;;
;;;;Lágrimas Wyvern;23;;;
;;;;EscPlesiothVrdGr;25;;;
;;;;AletaPlesVrdEsp+;10;;;
;Aldea;Despiece;Cuerpo;Lengua de Popo;42;;;
;;;;Carne cruda;38;;;
;;;;Hueso;20;;;
;Rango Alto;Despiece;Cuerpo;Lengua de Popo;35;;;
;;;;Carne cruda;30;;;
;;;;Hueso;25;;;
;;;;Hueso bruto;10;;;
;;;;No hay partes rompibles;0;;;
Vespoid Reina;Aldea; PorRotura;;;;;;
;;Despiece;Cuerpo;Abdomen Vespoid;80;;;
;;;;Caldo monstruo;20;;;
;;;;No hay partes rompibles;0;;;
;RangoAlto ; PorRotura;;;;;;
;;Despiece;Cuerpo;Abdomen Vespoid;80;;;
;;;;Caldo monstruo;20;;;
;;;;No hay partes rompibles;0;;;
;Rango G; PorRotura;;;;;;
;;Despiece;Cuerpo;Cor. Reina Vesp.;50;;;
;;;;Esencia monstruo;30;;;
;;;;Abdomen Vespoid;20;;;
Rajang;Aldea; PorRotura;Cuerno;Cuerno Rajang;100;;;
;;;Cola;Cola de Rajang;91;;;
;;;;Piel Rajang dor.;9;;;
;;Despiece;Cuerpo;Colmillo Rajang;46;;;
;;;;P. Rajang negro;27;;;
;;;;Garra Rajang;21;;;
;;;;Piel Rajang dor.;6;;;
;;Captura;;P. Rajang negro;44;;;
;;;;Colmillo Rajang;28;;;
;;;;Garra Rajang;16;;;
;;;;Piel Rajang dor.;12;;;
;Rango Alto; PorRotura;Cuerno;Cuerno Rajang;100;;;
;;;Cola;Cola de Rajang;91;;;
;;;;Piel Rajang dor.;9;;;
;;Despiece;Cuerpo;Colmillo Rajang;46;;;
;;;;P. Rajang negro;27;;;
;;;;Garra Rajang;21;;;
;;;;Piel Rajang dor.;6;;;
;;Captura;;P. Rajang negro;44;2;;
;;;;Colmillo Rajang;28;;;
;;;;Garra Rajang;16;;;
;;;;Piel Rajang dor.;12;2;;
;Rango G; PorRotura;Cuerno;Crno Rajang duro;60;;;
;;;;Cuerno Rajang;40;;;
;;;Cola;Cola de Rajang;82;;;
;;;;Piel Rajang dor.;10;2;;
;;;;Piel Rajang dor+;8;;;
;;Despiece;Cuerpo;PielRajangNegro;28;;;
;;;;ColPesRajang;24;;;
;;;;P. Rajang negro;20;;;
;;;;GarraRajangDura;15;;;
;;;;Colmillo Rajang;10;;;
;;;;Piel Rajang dor+;3;;;
;;Captura;;PielRajangNegro;36;;;
;;;;P. Rajang negro;18;;;
;;;;ColPesRajang;17;;;
;;;;GarraRajangDura;12;;;
;;;;Garra Rajang;10;2;;
;;;;Piel Rajang dor.;5;;;
;;;;Piel Rajang dor+;2;;;
Rajang dorado;Rango G; PorRotura;Cuerno;Crno Rajang duro;90;;;
;;;;Cuerno Rajang;10;;;
;;;Cola;No se recibe nada;0;4;;
;;Despiece;Cuerpo;ColPesRajang;42;;;
;;;;GarraRajangDura;20;;;
;;;;PielRajangNegro;18;;;
;;;;Piel Rajang dor+;10;;;
;;;;Piel Rajang dor.;10;;;
;;Captura;;PielRajangNegro;34;;;
;;;;ColPesRajang;24;;;
;;;;GarraRajangDura;16;;;
;;;;Piel Rajang dor+;12;;;
;;;;Piel Rajang dor.;10;;;
;;;;Piel Rajang dor.;4;;;
Rathalos;Aldea; PorRotura;Cabeza;Escama Rathalos;65;;;
;;;;Concha Rathalos;31;;;
;;;;Placa Rathalos;4;;;
;;;Garra;Garra Wyv. fuego;83;;;
;;;;Garra de Wyvern;17;;;
;;Despiece;Cuerpo;Escama Rathalos;30;;;
;;;;Concha Rathalos;24;;;
;;;;Cincha Rathalos;24;;;
;;;;Fl. Wyv. fuego;10;;;
;;;;Bolsa de llama;8;;;
;;;;Méd. Wyv. fuego;4;2;;
;;;Cola;Cola de Rathalos;38;5;;
;;;;Escama Rathalos;35;;;
;;;;Concha Rathalos;22;;;
;;;;Placa Rathalos;3;;;
;;;;Méd. Wyv. fuego;2;;;
;;Captura;;Concha Rathalos;52;;;
;;;;Cincha Rathalos;33;;;
;;;;Ala de Rathalos;8;;;
;;;;Cola de Rathalos;5;;;
;;;;Placa Rathalos;2;;;
;;Punto brillante;;Lágrimas Wyvern;74;;;
;;;;Escama Rathalos;21;;;
;;;;Placa Rathalos;5;;;
;Rango Alto; PorRotura;Cabeza;Escama Rathalos+;65;;;
;;;;Capar. Rathalos;31;2;;
;;;;Rubí de Rathalos;4;2;;
;;;Garra;Garra Wyv. fuego;80;;;
;;;;Garra de Wyvern;20;;;
;;Despiece;Cuerpo;Escama Rathalos+;38;;;
;;;;Capar. Rathalos;24;;;
;;;;Bolsa infernal;15;;;
;;;;Cincha Rathalos;14;;;
;;;;Ala de Rathalos;5;;;
;;;;Cola Wyv. fuego;4;;;
;;;Cola;Escama Rathalos+;35;;;
;;;;Cola de Rathalos;25;;;
;;;;Capar. Rathalos;22;2;;
;;;;Placa Rathalos;12;5;;
;;;;Cola Wyv. fuego;4;;;
;;;;Rubí de Rathalos;2;;;
;;Captura;;Capar. Rathalos;60;;;
;;;;Escama Rathalos+;24;;;
;;;;Ala de Rathalos;8;;;
;;;;Placa Rathalos;6;;;
;;;;Rubí de Rathalos;2;;;
;;Punto brillante;;Lágrimas Wyvern;37;;;
;;;;Sollozos Wyvern;37;;;
;;;;Escama Rathalos+;21;;;
;;;;Rubí de Rathalos;5;;;
;Rango G; PorRotura;Cabeza;EscRathalosDura;60;;;
;;;;ConPesRathalos;30;;;
;;;;Rubí de Rathalos;6;2;;
;;;;EscRathalosCielo;4;2;;
;;;Alas debes romper una;GrraDuraWyvFuego;80;;;
;;;;Garra de Wyvern;20;;;
;;Despiece;Cuerpo;EscRathalosDura;37;;;
;;;;ConPesRathalos;24;;;
;;;;AlaRathalosFrte;20;;;
;;;;Bolsa lanzallam.;15;;;
;;;;Ala de Rathalos;5;;;
;;;;Cola Wyv. fuego;4;;;
;;;Cola;ColaPielRathalos;38;;;
;;;;EscRathalosDura;30;;;
;;;;ConPesRathalos;20;4;;
;;;;Rubí de Rathalos;6;;;
;;;;Cola Wyv. fuego;4;;;
;;;;EscRathalosCielo;2;;;
;;Capturar la vida por debajo del 40%;;ConPesRathalos;60;;;
;;;;EscRathalosDura;24;;;
;;;;AlaRathalosFrte;8;;;
;;;;Rubí de Rathalos;6;;;
;;;;EscRathalosCielo;2;;;
;;Suelta cuando se despierta o cuando se le lanza bomba de luz mientras vuela;;Sollozos Wyvern;50;;;
;;;;Lágrimas Wyvern;24;;;
;;;;EscRathalosDura;24;;;
;;;;EscRathalosCielo;2;;;
Rathalos Azul;Aldea; PorRotura;Cabeza;Esc. Rthls. ce.;65;;;
;;;;Cap. Rthls. ce.;34;;;
;;;;Placa Rathalos;1;;;
;;;Garra;Garra Wyv. fuego;75;;;
;;;;Garra de Wyvern;25;;;
;;Despiece;Cuerpo;Esc. Rthls. ce.;30;;;
;;;;Cap. Rthls. ce.;24;;;
;;;;Cincha Rathalos;19;;;
;;;;Fl. Wyv. fuego;10;;;
;;;;Bolsa de llama;10;;;
;;;;Méd. Wyv. fuego;7;2;;
;;;Cola;Cola Rthls. ce.;38;5;;
;;;;Esc. Rthls. ce.;35;;;
;;;;Cap. Rthls. ce.;18;;;
;;;;Méd. Wyv. fuego;8;;;
;;;;Placa Rathalos;1;;;
;;Captura;;Cap. Rthls. ce.;52;;;
;;;;Cincha Rathalos;33;;;
;;;;Ala Rthls. ce.;9;;;
;;;;Cola Rthls. ce.;5;;;
;;;;Placa Rathalos;1;;;
;;Punto brillante;;Lágrimas Wyvern;74;;;
;;;;Esc. Rthls. ce.;21;;;
;;;;Placa Rathalos;5;;;
;Rango Alto; PorRotura;Cabeza;Esc. Rthls. ce+;66;;;
;;;;Crza. Rthls. ce.;32;2;;
;;;;Rubí de Rathalos;2;2;;
;;;Garra;Garra Wyv. fuego;80;2;;
;;;;Garra de Wyvern;20;;;
;;Despiece;Cuerpo;Esc. Rthls. ce+;38;;;
;;;;Crza. Rthls. ce.;24;;;
;;;;Cincha Rathalos;14;;;
;;;;Bolsa infernal;11;;;
;;;;Cola Wyv. fuego;8;;;
;;;;Ala Rthls. ce.;5;;;
;;;Cola;Esc. Rthls. ce+;35;;;
;;;;Cola Rthls. ce.;25;;;
;;;;Crza. Rthls. ce.;22;2;;
;;;;Cola Wyv. fuego;10;5;;
;;;;Placa Rathalos;7;;;
;;;;Rubí de Rathalos;1;;;
;;Captura;;Crza. Rthls. ce.;60;;;
;;;;Esc. Rthls. ce.;24;;;
;;;;Ala Rthls. ce.;8;;;
;;;;Méd. Wyv. fuego;6;;;
;;;;Rubí de Rathalos;2;;;
;;Punto brillante;;Lágrimas Wyvern;37;;;
;;;;Sollozos Wyvern;37;;;
;;;;Esc. Rthls. ce+;21;;;
;;;;Rubí de Rathalos;5;;;
;Rango G; PorRotura;Cabeza;EscRathCelGr;56;;;
;;;;ConPesRthlsCel;32;;;
;;;;Placa Rathalos;10;2;;
;;;;EscRathalosCielo;2;2;;
;;;Alas debes romper una;GrraDuraWyvFuego;80;;;
;;;;Garra de Wyvern;20;;;
;;Despiece;Cuerpo;EscRathCelGr;37;;;
;;;;ConPesRthlsCel;24;;;
;;;;AlaRathalosFrte;20;;;
;;;;Bolsa lanzallam.;11;;;
;;;;Cola Wyv. fuego;8;;;
;;;;Ala Rthls. ce.;5;;;
;;;Cola;ColaPielRathCel;38;;;
;;;;EscRathCelGr;30;2;;
;;;;ConPesRthlsCel;20;5;;
;;;;Cola Wyv. fuego;7;;;
;;;;Rubí de Rathalos;4;;;
;;;;EscRathalosCielo;1;;;
;;Capturar la vida por debajo del 40%;;ConPesRthlsCel;60;;;
;;;;EscRathCelGr;24;;;
;;;;AlaRathalosFrte;8;;;
;;;;Rubí de Rathalos;6;;;
;;;;EscRathalosCielo;2;;;
;;Suelta cuando se despierta o cuando se le lanza bomba de luz mientras vuela;;Sollozos Wyvern;50;;;
;;;;Lágrimas Wyvern;24;;;
;;;;EscRathCelGr;24;;;
;;;;EscRathalosCielo;2;;;
Rathalos Plata;Rango Alto; PorRotura;Cabeza;Esc. Rthls. pl.+;61;2;;
;;;;Cap. Rthls. pl.;35;;;
;;;;Rubí de Rathalos;4;;;
;;;Garra;Garra Wyv. fuego;80;;;
;;;;Garra de Wyvern;20;;;
;;Despiece;Cuerpo;Esc. Rthls. pl.+;43;;;
;;;;Cap. Rthls. pl.;29;;;
;;;;Bolsa infernal;10;;;
;;;;Ala Rathalos pl.;10;;;
;;;;Cincha Rathalos;5;;;
;;;;Cola Wyv. fuego;3;;;
;;;Cola;Cola Rthls. pl.;50;;;
;;;;Esc. Rthls. pl.+;24;2;;
;;;;Cap. Rthls. pl.;11;5;;
;;;;Placa Rathalos;10;;;
;;;;Rubí de Rathalos;5;;;
;;Captura;;Cap. Rthls. pl.;48;;;
;;;;Esc. Rthls. pl.+;30;;;
;;;;Ala Rathalos pl.;10;;;
;;;;Rubí de Rathalos;7;;;
;;;;Cola Rthls. pl.;5;;;
;;Punto brillante;;Lágrimas Wyvern;36;;;
;;;;Sollozos Wyvern;35;;;
;;;;Esc. Rthls. pl.+;25;;;
;;;;Rubí de Rathalos;4;;;
;Rango G; PorRotura;Cabeza;EscRathalosPlGr;60;;;
;;;;ConPesRthlsGris;30;;;
;;;;Rubí de Rathalos;6;2;;
;;;;EscRathalosCielo;4;2;;
;;;Alas debes romper una;GrraDuraWyvFuego;80;;;
;;;;Garra de Wyvern;20;;;
;;Despiece;Cuerpo;EscRathalosPlGr;37;;;
;;;;ConPesRthlsGris;24;;;
;;;;AlaRathalosFrte;20;;;
;;;;Bolsa lanzallam.;15;;;
;;;;Ala Rathalos pl.;10;;;
;;;;Cola Wyv. fuego;4;;;
;;;Cola;ColaPielRathPl;38;;;
;;;;EscRathalosPlGr;30;;;
;;;;ConPesRthlsGris;20;4;;
;;;;Rubí de Rathalos;6;;;
;;;;Cola Wyv. fuego;4;;;
;;;;EscRathalosCielo;2;;;
;;Capturar la vida por debajo del 20%;;ConPesRthlsGris;60;;;
;;;;EscRathalosPlGr;24;;;
;;;;AlaRathalosFrte;8;;;
;;;;Rubí de Rathalos;6;;;
;;;;EscRathalosCielo;2;;;
;;Suelta cuando se despierta o cuando se le lanza bomba de luz mientras vuela;;Sollozos Wyvern;50;;;
;;;;Lágrimas Wyvern;24;;;
;;;;EscRathalosPlGr;23;;;
;;;;EscRathalosCielo;3;;;
Rathian;Aldea; PorRotura;Cabeza;Concha Rathian;71;2;;
;;;;Escama Rathian;25;;;
;;;;Placa de Rathian;4;;;
;;;Garra;Garra Wyv. fuego;75;;;
;;;;Garra de Wyvern;25;;;
;;Despiece;Cuerpo;Escama Rathian;49;;;
;;;;Concha Rathian;30;;;
;;;;Fl. Wyv. fuego;10;;;
;;;;Bolsa de llama;8;;;
;;;;Púa de Rathian;2;;;
;;;;Méd. Wyv. fuego;1;2;;
;;;Cola;Escama Rathian;59;5;;
;;;;Concha Rathian;22;;;
;;;;Púa de Rathian;8;;;
;;;;Hueso monstruo+;6;;;
;;;;Placa de Rathian;3;;;
;;;;Méd. Wyv. fuego;2;;;
;;Captura;;Escama Rathian;52;;;
;;;;Concha Rathian;36;;;
;;;;Méd. Wyv. fuego;10;;;
;;;;Placa de Rathian;2;;;
;;Punto brillante;;Lágrimas Wyvern;74;;;
;;;;Escama Rathian;25;;;
;;;;Placa de Rathian;1;;;
;Rango Alto; PorRotura;Cabeza;Escama Rathian+;65;;;
;;;;Caparaz. Rathian;31;2;;
;;;;Rubí de Rathian;4;;;
;;;Garra;Garra Wyv. fuego;75;;;
;;;;Garra de Wyvern;25;;;
;;Despiece;Cuerpo;Escama Rathian+;45;;;
;;;;Caparaz. Rathian;26;;;
;;;;Bolsa infernal;15;;;
;;;;Púa de Rathian;8;;;
;;;;Cola Wyv. fuego;4;;;
;;;;Púa de Rathian +;2;;;
;;;Cola;Escama Rathian+;48;;;
;;;;Caparaz. Rathian;26;;;
;;;;Placa de Rathian;12;2;;
;;;;Púa de Rathian +;8;5;;
;;;;Cola Wyv. fuego;4;;;
;;;;Rubí de Rathian;2;;;
;;Captura;;Caparaz. Rathian;58;;;
;;;;Escama Rathian+;30;;;
;;;;Placa de Rathian;6;;;
;;;;Cola Wyv. fuego;3;;;
;;;;Rubí de Rathian;3;;;
;;Punto brillante;;Sollozos Wyvern;38;;;
;;;;Lágrimas Wyvern;37;;;
;;;;Escama Rathian+;23;;;
;;;;Rubí de Rathian;2;;;
;Rango G; PorRotura;Cabeza;Esc Rathian gr.;60;;;
;;;;ConPesRathian;30;;;
;;;;Rubí de Rathian;6;;;
;;;;EscRathianCielo;4;;;
;;;Alas debes romper una;GrraDuraWyvFuego;80;;;
;;;;Garra de Wyvern;20;;;
;;Despiece;Cuerpo;Esc Rathian gr.;45;;;
;;;;ConPesRathian;26;;;
;;;;Bolsa lanzallam.;15;;;
;;;;Púa de Rathian +;8;;;
;;;;Cola Wyv. fuego;4;;;
;;;;Espina Rathian;2;;;
;;;Cola;Esc Rathian gr.;48;;;
;;;;ConPesRathian;32;2;;
;;;;Espina Rathian;8;5;;
;;;;Rubí de Rathian;6;;;
;;;;Cola Wyv. fuego;4;;;
;;;;EscRathianCielo;2;;;
;;Capturar la vida por debajo del 20%;;ConPesRathian;58;;;
;;;;Esc Rathian gr.;30;;;
;;;;Rubí de Rathian;6;;;
;;;;Cola Wyv. fuego;3;;;
;;;;EscRathianCielo;3;;;
;;Suelta cuando se le despierta o usando trampas;;Sollozos Wyvern;50;;;
;;;;Lágrimas Wyvern;25;;;
;;;;Esc Rathian gr.;23;;;
;;;;EscRathianCielo;2;;;
Rathian Dorada;Rango Alto; PorRotura;Cabeza;Con. Rathian do.;61;2;;
;;;;Esc. Rathian do.;35;3;;
;;;;Rubí de Rathian;4;2;;
;;;Garra;Garra Wyv. fuego;75;;;
;;;;Garra de Wyvern;25;;;
;;Despiece;Cuerpo;Esc. Rathian do.;43;;;
;;;;Con. Rathian do.;30;;;
;;;;Púa de Rathian;10;;;
;;;;Púa de Rathian +;10;;;
;;;;Bolsa infernal;5;;;
;;;;Cola Wyv. fuego;3;;;
;;;Cola;Esc. Rathian do.;45;;;
;;;;Con. Rathian do.;30;2;;
;;;;Púa de Rathian +;10;5;;
;;;;Placa de Rathian;10;;;
;;;;Rubí de Rathian;5;;;
;;Captura;;Con. Rathian do.;48;;;
;;;;Esc. Rathian do.;30;;;
;;;;Méd. Wyv. fuego;8;;;
;;;;Cola Wyv. fuego;7;;;
;;;;Rubí de Rathian;7;;;
;;Punto brillante;;Lágrimas Wyvern;36;;;
;;;;Sollozos Wyvern;35;;;
;;;;Esc. Rathian do.;25;;;
;;;;Rubí de Rathian;4;;;
;Rango G; PorRotura;Cabeza;EscRathianDorGru;60;;;
;;;;CorRathianDorPes;30;;;
;;;;Rubí de Rathian;6;2;;
;;;;EscRathianCielo;4;;;
;;;Alas debes romper una;GrraDuraWyvFuego;80;2;;
;;;;Garra de Wyvern;20;;;
;;Despiece;Cuerpo;EscRathianDorGru;44;;;
;;;;CorRathianDorPes;26;;;
;;;;Bolsa lanzallam.;13;;;
;;;;Púa de Rathian +;8;;;
;;;;EspRathianDor;5;;;
;;;;Cola Wyv. fuego;4;;;
;;;Cola;EscRathianDorGru;48;;;
;;;;CorRathianDorPes;32;;;
;;;;EspRathianDor;8;4;;
;;;;Rubí de Rathian;6;;;
;;;;Cola Wyv. fuego;4;;;
;;;;EscRathianCielo;2;;;
;;Capturar la vida por debajo del 12% (RangoAlto) 10%(G);;CorRathianDorPes;58;;;
;;;;EscRathianDorGru;30;;;
;;;;Rubí de Rathian;6;;;
;;;;Cola Wyv. fuego;3;;;
;;;;EscRathianCielo;3;;;
;;Suelta cuando se despierta o cuando se le lanza bomba de luz mientras vuela;;Sollozos Wyvern;50;;;
;;;;Lágrimas Wyvern;25;;;
;;;;EscRathianDorGru;23;;;
;;;;EscRathianCielo;2;;;
Rathian Rosa;Aldea; PorRotura;Cabeza;Con. Rathian ro.;73;2;;
;;;;Es. Rathi. rosa;25;;;
;;;;Placa de Rathian;2;;;
;;;Garra;Garra Wyv. fuego;75;;;
;;;;Garra de Wyvern;25;;;
;;Despiece;Cuerpo;Es. Rathi. rosa;49;;;
;;;;Con. Rathian ro.;30;;;
;;;;Fl. Wyv. fuego;10;;;
;;;;Bolsa de llama;6;;;
;;;;Méd. Wyv. fuego;3;;;
;;;;Púa de Rathian;2;2;;
;;;Cola;Es. Rathi. rosa;56;5;;
;;;;Con. Rathian ro.;22;;;
;;;;Púa de Rathian;8;;;
;;;;Méd. Wyv. fuego;7;;;
;;;;Hueso monstruo+;6;;;
;;;;Placa de Rathian;1;;;
;;Captura;;Es. Rathi. rosa;50;;;
;;;;Con. Rathian ro.;36;;;
;;;;Méd. Wyv. fuego;10;;;
;;;;Placa de Rathian;4;;;
;;Punto brillante;;Lágrimas Wyvern;74;;;
;;;;Es. Rathi. rosa;25;;;
;;;;Placa de Rathian;1;;;
;Rango Alto; PorRotura;Cabeza;Es. Rathi. ro.+;66;;;
;;;;Cap. Rathian ro.;32;2;;
;;;;Rubí de Rathian;2;2;;
;;;Garra;Garra Wyv. fuego;75;;;
;;;;Garra de Wyvern;25;;;
;;Despiece;Cuerpo;Es. Rathi. ro.+;45;;;
;;;;Cap. Rathian ro.;26;;;
;;;;Bolsa infernal;11;;;
;;;;Púa de Rathian;8;;;
;;;;Cola Wyv. fuego;8;;;
;;;;Púa de Rathian +;2;2;;
;;;Cola;Es. Rathi. ro.+;42;;;
;;;;Cap. Rathian ro.;28;;;
;;;;Púa de Rathian +;12;;;
;;;;Cola Wyv. fuego;10;2;;
;;;;Placa de Rathian;7;5;;
;;;;Rubí de Rathian;1;;;
;;Captura;;Cap. Rathian ro.;52;;;
;;;;Es. Rathi. ro.+;24;;;
;;;;Méd. Wyv. fuego;15;;;
;;;;Púa de Rathian +;8;;;
;;;;Rubí de Rathian;1;;;
;;Punto brillante;;Lágrimas Wyvern;37;;;
;;;;Sollozos Wyvern;37;;;
;;;;Es. Rathi. ro.+;25;;;
;;;;Rubí de Rathian;1;;;
;Rango G; PorRotura;Cabeza;EscRathianRsaGr;52;;;
;;;;EscRathianRsaGr;24;;;
;;;;Cola Wyv. fuego;18;;;
;;;;Espina Rathian;8;2;;
;;;;EscRathianCielo;1;;;
;;;Alas debes romper una;GrraDuraWyvFuego;80;;;
;;;;Garra de Wyvern;20;;;
;;Despiece;Cuerpo;EscRathianRsaGr;45;;;
;;;;ConPesRathianRsa;26;;;
;;;;Bolsa lanzallam.;11;;;
;;;;Púa de Rathian +;8;;;
;;;;Cola Wyv. fuego;8;;;
;;;;Espina Rathian;2;;;
;;;Cola;EscRathianRsaGr;42;;;
;;;;ConPesRathianRsa;32;;;
;;;;Espina Rathian;12;;;
;;;;Cola Wyv. fuego;7;;;
;;;;Rubí de Rathian;6;;;
;;;;EscRathianCielo;1;;;
;;Capturar la vida por debajo del 20%;;ConPesRathianRsa;52;;;
;;;;EscRathianRsaGr;24;;;
;;;;Cola Wyv. fuego;15;;;
;;;;Espina Rathian;8;2;;
;;;;EscRathianCielo;1;;;
;;Suelta cuando se le despierta o usando trampas;;Sollozos Wyvern;49;;;
;;;;Lágrimas Wyvern;25;;;
;;;;EscRathianRsaGr;25;;;
;;;;EscRathianCielo;1;;;
Remobra;Aldea;Despiece;Cuerpo;Piel de Remobra;56;;;
;;;;Piel rayada;40;;;
;;;;Cráneo Remobra;4;;;
;Rango Alto;Despiece;Cuerpo;Piel de Remobra;50;;;
;;;;Piel de Remobra+;22;;;
;;;;Piel rayada;18;2;;
;;;;Cráneo Remobra;10;;;
Shen GaoRen;Aldea; PorRotura;Concha;H. dragón viejo;50;;;
;;;;Concha Lao-Shan;35;;;
;;;;Cuerno Lao-Shan;15;;;
;;;Patas;Garra de Gaoren;93;;;
;;;;Pinzas de Gaoren;7;;;
;;Despiece;Cuerpo;Concha de Gaoren;52;;;
;;;;Pinzas de Gaoren;31;;;
;;;;Columna Gaoren;17;;;
;;;Dentro de la boca (3);H. dragón viejo;50;;;
;;;;Escama Lao-Shan;35;;;
;;;;Concha Lao-Shan;15;2;;
;Rango Alto; PorRotura;Concha;H. dragón viejo;50;;;
;;;;Capar. Lao-Shan;26;;;
;;;;Cuerno Lao-Shan;24;;;
;;;Patas;Garra de Gaoren;93;;;
;;;;Pinzas de Gaoren;7;;;
;;Despiece;Cuerpo;Capar. de Gaoren;52;;;
;;;;Pinzas de Gaoren;31;;;
;;;;Concha de Gaoren;17;;;
;;;Dentro de la boca (3);H. dragón viejo;50;;;
;;;;Escama Lao-Shan+;35;;;
;;;;Capar. Lao-Shan;15;;;
;Rango G; PorRotura;Patas;GarraDuraGaoren;83;;;
;;;;GarraDuraGaoren;10;;;
;;;;Garra de Gaoren;7;;;
;;;Concha;HuesoWyvernTieGr;45;;;
;;;;ConPesLao-Shan;35;;;
;;;;EscLao-ShanPes;15;;;
;;;;ConGaorenCielo;5;;;
;;Despiece;Cuerpo;ConPesGaoren;45;;;
;;;;ColPesGaoren;30;;;
;;;;Capar. de Gaoren;10;;;
;;;;Pinzas de Gaoren;10;;;
;;;;ConGaorenCielo;5;;;
;;;Dentro de la concha (3) mientras está vivo;EscLao-ShanPes;40;;;
;;;;HuesoWyvernTieGr;40;;;
;;;;ConPesLao-Shan;20;2;;
Shogun Ceanataur;Aldea; PorRotura;Concha 1;C. crán. Gravios;70;;;
;;;;Conch. Ceanat.;22;;;
;;;;Con. cr. Wyvern;8;;;
;;;Concha 2;Conch. Ceanat.;50;;;
;;;;Con. cr. Wyvern;50;;;
;;;Concha 3;Con. cr. Wyvern;97;;;
;;;;Conch. Ceanat.;3;;;
;;;Garra;Garra Ceanataur;82;;;
;;;;Pinz. Ceanataur;18;;;
;;Despiece;Cuerpo;Conch. Ceanat.;60;;;
;;;;Pata Ceanataur;28;;;
;;;;Perla negra;10;;;
;;;;Pinz. Ceanataur;2;;;
;;Captura;;Pata Ceanataur;46;;;
;;;;Conch. Ceanat.;30;;;
;;;;Pinz. Ceanataur;24;;;
;;Punto brillante;;Perla cangrejo;75;;;
;;;;Perla negra;25;2;;
;Rango Alto; PorRotura;Concha 1;C. crán. Gravios;70;;;
;;;;Cap. Ceanataur;22;;;
;;;;Con. cr. Wyvern;8;;;
;;;Concha 2;Cap. Ceanataur;70;;;
;;;;Con. cr. Wyvern;30;;;
;;;Concha 3;Con. cr. Wyvern;63;;;
;;;;Cap. Ceanataur;37;2;;
;;;Garra;Garr. Ceanat.+;70;2;;
;;;;Pinz. Ceanataur;20;2;;
;;;;Garra Ceanataur;10;;;
;;Despiece;Cuerpo;Cap. Ceanataur;50;;;
;;;;Pata Ceanataur;15;;;
;;;;Pinz. Ceanataur;15;;;
;;;;Perla negra;10;;;
;;;;Conch. Ceanat.;5;;;
;;;;Garr. Ceanat.+;5;;;
;;Captura;;Cap. Ceanataur;60;;;
;;;;Pata Ceanataur;22;;;
;;;;Pinz. Ceanataur;18;;;
;;Punto brillante;;Perla cangrejo;38;;;
;;;;Perla cangrejo +;37;;;
;;;;Perla negra;25;;;
;Rango G; PorRotura;Garras;GarraCeanatDura;55;;;
;;;;Pinz. Ceanataur;20;2;;
;;;;GarraCeanatDura;15;;;
;;;;Garr. Ceanat.+;10;;;
;;;Concha cualquier daño puede romperse 2 veces;;;;;
;;;Craneo de Gravios;C. crán. Gravios;70;;;
;;;;ConPesCeanataur;22;;;
;;;;Con. cr. Wyvern;8;;;
;;;Concha Marrón;ConPesCeanataur;70;;;
;;;;Con. cr. Wyvern;30;2;;
;;;Concha blanca;Con. cr. Wyvern;63;2;;
;;;;ConPesCeanataur;37;;;
;;Despiece;Cuerpo;ConPesCeanataur;50;;;
;;;;PataCeanataurPes;25;;;
;;;;Perla negr. gig.;10;;;
;;;;GarraCeanatDura;5;;;
;;;;Pinz. Ceanataur;5;;;
;;;;Cap. Ceanataur;5;;;
;;Capturar;;ConPesCeanataur;60;;;
;;;;PataCeanataurPes;30;2;;
;;;;Pinz. Ceanataur;10;;;
;;Suelta cuando huye a cambiar la concha o cuando finaliza el acto de comer;;Perla cangrejo +;50;;;
;;;;Perla cangrejo;25;;;
;;;;Perla negr. gig.;15;;;
;;;;Perla negra;10;;;
Shogun Ceanataur Tierra;Rango G; PorRotura;Garras;GarTerraCeanat.;65;;;
;;;;GarTerraCeanat.;15;;;
;;;;Pinz. Ceanataur;20;;;
;;;Concha cualquier daño puede romperse 2 veces;C. crán. Gravios;70;;;
;;;;ConTerraCeanatr;22;;;
;;;;Con. cr. Wyvern;8;;;
;;Despiece;Cuerpo;ConTerraCeanatr;50;;;
;;;;PataCeanataurPes;25;;;
;;;;Pinz. Ceanataur;10;;;
;;;;Perla negr. gig.;10;;;
;;;;GarTerraCeanat.;5;;;
;;Capturar;;ConTerraCeanatr;60;;;
;;;;PataCeanataurPes;30;;;
;;;;Pinz. Ceanataur;10;;;
;;Suelta cuando huye a cambiar la concha o cuando finaliza el acto de comer;;Perla cangrejo +;50;;;
;;;;Perla cangrejo;25;;;
;;;;Perla negr. gig.;15;;;
;;;;Perla negra;10;;;
Teostra;Aldea; PorRotura;Cuerno;Cuerno Teostra;100;;;
;;;Ala;Cincha dr. fuego;77;;;
;;;;Garra dr. fuego;23;;;
;;Despiece;Cuerpo;Concha Teostra;30;;;
;;;;Garra dr. fuego;24;;;
;;;;Esc. dr. fuego;20;;;
;;;;Crin de Teostra;10;;;
;;;;Cincha dr. fuego;10;;;
;;;;Sangre dr. anc.;6;;;
;;;Cola;Cola de Teostra;59;;;
;;;;H. dragón viejo;23;;;
;;;;Concha Teostra;18;;;
;;Punto brillante;;Tesoro de dragón;75;;;
;;;;Sangre dr. anc.;15;;;
;;;;Esc. dr. fuego;10;;;
;Rango Alto; PorRotura;Cuerno;Cuerno Teostra +;61;;;
;;;;Cuerno Teostra;39;;;
;;;Ala;Polvo dr. fuego;40;;;
;;;;Cincha dr. fuego;37;;;
;;;;Garra dr. fuego;23;;;
;;Despiece;Cuerpo;Esc. dr. fuego +;30;;;
;;;;Garra dr. fuego;22;;;
;;;;Capar. Teostra;18;;;
;;;;Crin de Teostra;14;;;
;;;;Sangre dr. anc.;6;2;;
;;;;Concha Teostra;5;;;
;;;;Joya dr. fuego;5;2;;
;;;Cola;Cola de Teostra;34;;;
;;;;H. dragón viejo;32;;;
;;;;Concha Teostra;20;;;
;;;;Capar. Teostra;12;;;
;;;;Joya dr. fuego;2;;;
;;Punto brillante;;Tesoro de dragón;38;;;
;;;;Tes. drag. ant.;37;;;
;;;;Esc. dr. fuego +;12;;;
;;;;Sangre dr. anc.;10;;;
;;;;Joya dr. fuego;3;;;
;Rango G; PorRotura;Cuerno daño dragón solo cuando la vida es menor del 60%;CueTeostraDuro;80;;;
;;;;Cuerno Teostra +;20;;;
;;;Alas las dos se romperán al mismo tiempo;Polvo dr. fuego;30;;;
;;;;Cincha dr. fuego;25;;;
;;;;GardragónFuegoDu;25;;;
;;;;Polvo dr. fuego;20;;;
;;Despiece;Cuerpo;EscdragónFuegoGr;33;;;
;;;;GardragónFuegoDu;24;;;
;;;;ConPesTeostra;20;;;
;;;;Sangre dr. anc.;10;2;;
;;;;Joya dr. fuego;6;;;
;;;;Capar. Teostra;5;2;;
;;;;Joya DragTierrGr;2;;;
;;;Cola cuando la vida está por debajo del 40%;CueroColaTeostra;59;;;
;;;;HuesoWyvernTieGr;18;;;
;;;;ConPesTeostra;12;;;
;;;;Capar. Teostra;7;;;
;;;;Joya dr. fuego;3;;;
;;;;Joya DragTierrGr;1;;;
;;Suelta cuando entra en modo furia o al reactivarse el aura de fuego;;Tes. drag. ant.;48;;;
;;;;Tesoro de dragón;23;2;;
;;;;EscdragónFuegoGr;12;2;;
;;;;Sangre dr. anc.;10;;;
;;;;Joya dr. fuego;5;;;
;;;;Joya DragTierrGr;2;;;
Tigrex;Aldea; PorRotura;Garra;Garra de Tigrex;80;;;
;;;;Garra de Tigrex;20;;;
;;;Cabeza;Colmillo Tigrex;50;;;
;;;;Concha de Tigrex;42;3;;
;;;;C. crán. Tigrex;8;;;
;;Despiece;Cuerpo;Escama de Tigrex;40;;;
;;;;Garra de Tigrex;37;3;;
;;;;Concha de Tigrex;20;;;
;;;;C. crán. Tigrex;3;;;
;;;Cola;Cola de Tigrex;80;;;
;;;;Escama de Tigrex;20;;;
;;Captura;;Concha de Tigrex;35;;;
;;;;Colmillo Tigrex;30;;;
;;;;Escama de Tigrex;20;;;
;;;;Cola de Tigrex;10;;;
;;;;C. crán. Tigrex;5;;;
;;Punto brillante;;Lágrimas Wyvern;75;;;
;;;;Escama de Tigrex;20;2;;
;;;;Garra de Tigrex;5;;;
;Rango Alto; PorRotura;Garra;Garra Tigrex +;80;;;
;;;;Garra de Tigrex;20;;;
;;;Cabeza;Colmillo Tigrex+;45;;;
;;;;Caparazón Tigrex;28;;;
;;;;Colmillo Tigrex;15;;;
;;;;C. crán. Tigrex;12;;;
;;Despiece;Cuerpo;Escama Tigrex +;38;;;
;;;;Garra Tigrex +;30;2;;
;;;;Caparazón Tigrex;17;;;
;;;;Escama de Tigrex;10;3;;
;;;;C. crán. Tigrex;5;;;
;;;Cola;Cola de Tigrex;60;;;
;;;;Escama Tigrex +;40;;;
;;Captura;;Caparazón Tigrex;30;3;;
;;;;Colmillo Tigrex+;25;;;
;;;;Escama Tigrex +;20;;;
;;;;Concha de Tigrex;10;;;
;;;;Cola de Tigrex;8;;;
;;;;C. crán. Tigrex;7;;;
;;Punto brillante;;Lágrimas Wyvern;38;;;
;;;;Sollozos Wyvern;37;;;
;;;;Escama Tigrex +;20;;;
;;;;Garra Tigrex +;5;;;
;Rango G; PorRotura;Cabeza;ColPesTigrex;30;2;;
;;;;ColPesTigrex;20;;;
;;;;ConPesTigrex;17;;;
;;;;Colmillo Tigrex+;15;;;
;;;;C. crán. Tigrex;10;;;
;;;;EscTigrexCielo;8;;;
;;;Garras;GarraTigrexDura;80;;;
;;;;Garra Tigrex +;20;;;
;;Despiece;Cuerpo;EscTigrexGr;38;;;
;;;;GarraTigrexDura;30;;;
;;;;ConPesTigrex;19;2;;
;;;;Escama Tigrex +;10;;;
;;;;EscTigrexCielo;3;;;
;;;Cola;ColaPielTigrex;80;;;
;;;;EscTigrexGr;20;;;
;;Captura;;ConPesTigrex;30;;;
;;;;ColPesTigrex;25;;;
;;;;EscTigrexGr;20;2;;
;;;;ColaPielTigrex;10;;;
;;;;EscTigrexCielo;5;;;
;;Suelta hacer que se claven los dientes en la pared;;Sollozos Wyvern;50;;;
;;;;Lágrimas Wyvern;25;;;
;;;;EscTigrexGr;20;;;
;;;;GarraTigrexDura;5;;;
Ukanlos;Rango G; PorRotura;Cabeza puede romperse 2 veces;MandPalaUkanlos;85;;;
;;;;SubEscUkanlos;11;;;
;;;;Piedra Ukanlos;4;;;
;;;Aleta en la espada;AletaUkanlosFue;50;;;
;;;;AletaUkanlosFue;35;;;
;;;;ConPesUkanlos;15;;;
;;;Placas daño fuego en la nuca;SubEscUkanlos;70;;;
;;;;ConPesUkanlos;24;;;
;;;;Piedra Ukanlos;6;;;
;;;Garras;GarraCavUkanlos;80;;;
;;;;GarraCavUkanlos;10;2;;
;;;;ConPesUkanlos;10;;;
;;Despiece;Cuerpo;ConPesUkanlos;40;;;
;;;;SubEscUkanlos;28;;;
;;;;AletaUkanlosFue;12;;;
;;;;ColaPesUkanlos;10;;;
;;;;MandPalaUkanlos;8;;;
;;;;Piedra Ukanlos;2;;;
;;;Cola;ColaPesUkanlos;90;;;
;;;;ConPesUkanlos;10;;;
;;Suelta bomba sónica al hacer el ataque submarino;;Desconocido;0;2;;
Velocidrome;Aldea;Despiece;Cuerpo;G. Velocidrome;53;;;
;;;;Piel Velocidrome;30;;;
;;;;Esc. Velociprey;15;;;
;;;;Cab. Velocidrome;2;;;
;;Captura;;Piel Velocidrome;56;;;
;;;;Lanzagritos;39;;;
;;;;Cab. Velocidrome;5;;;
;Rango Alto;Despiece;Cuerpo;G. Velocidrome+;40;;;
;;;;Esc. Velociprey+;23;;;
;;;;Piel Velociprey+;20;;;
;;;;Piel Velocidrome;10;;;
;;;;Cab. Velocidrome;7;;;
;;Captura;;Piel Velociprey+;40;;;
;;;;Lanzagritos;36;;;
;;;;Esc. Velociprey+;24;;;
Velociprey;Aldea;Despiece;Cuerpo;Colm. Velociprey;40;;;
;;;;Esc. Velociprey;29;;;
;;;;Piel Velociprey;23;;;
;;;;H. monstr. pq.;8;;;
;Rango Alto;Despiece;Cuerpo;Colm. Velociprey;35;;;
;;;;Esc. Velociprey+;35;;;
;;;;Piel Velociprey+;30;;;
Vespoid;Aldea;Despiece;Cuerpo;Concha Vespoid;47;;;
;;;;Ala de Vespoid;36;;;
;;;;Fluido monstruo;17;;;
;Rango Alto;Despiece;Cuerpo;Caparaz. Vespoid;40;;;
;;;;Ala de Vespoid;20;;;
;;;;Fluido monstruo;15;;;
;;;;Ala int. Vespoid;15;;;
;;;;Caldo monstruo;10;;;
Yama Tsukami;Rango G; PorRotura;Tentáculos;Filt YamaTsukami;70;;;
;;;;Piel YamaTsukami;30;;;
;;Despiece;Cuerpo;FluidYamaTsukami;34;3;;
;;;;MaderadragónAnc;27;;;
;;;;Piel YamaTsukami;20;3;;
;;;;Sangre dr. anc.;11;;;
;;;Cuerpo Despiece en vivo;Tesoro de dragón;30;2;;
;;;;MaderadragónAnc;20;;;
;;;;Musgo de dragón;10;2;;
;;;;Musgo de dragón+;10;;;
;;;;MusgodragónAnc;10;;;
;;;;Hongo dragón;9;;;
;;;;Madera dragón +;5;;;
;;Punto brillante;;Tes. drag. ant.;45;;;
;;;;Tesoro de dragón;25;2;;
;;;;FluidYamaTsukami;22;;;
;;;;Sangre dr. anc.;8;;;
Yian Garuga;Aldea; PorRotura;Orejas;Oreja de Garuga;80;;;
;;;;Escama de Garuga;20;;;
;;;Pico;Pico afilado;80;;;
;;;;Escama de Garuga;20;;;
;;;Alas;Ala de Garuga;80;3;;
;;;;Concha de Garuga;20;2;;
;;;Espalda;Crin de Garuga;80;;;
;;;;Concha de Garuga;20;3;;
;;Despiece;Cuerpo;Escama de Garuga;64;;;
;;;;Concha de Garuga;28;;;
;;;;Crin de Garuga;7;2;;
;;;;Ala de Garuga;1;2;;
;;;Cola;Cola de Garuga;80;3;;
;;;;Escama de Garuga;20;3;;
;;Captura;;Concha de Garuga;90;5;;
;;;;Pico afilado;5;;;
;;;;Oreja de Garuga;5;;;
;;Punto brillante;;Lágrimas Wyvern;74;;;
;;;;Escama de Garuga;25;;;
;;;;Ala de Garuga;1;;;
Yian Garuga (una oreja);Aldea; PorRotura;Oreja;Or.larga Garuga;75;;;
;;;;Escama Garuga+;15;;;
;;;;Oreja de Garuga;10;2;;
;;;Pico;Pico rejuvenec.;70;;;
;;;;Escama Garuga+;15;;;
;;;;Pico afilado;15;;;
;;;Alas;Ala de Garuga;50;;;
;;;;Ala de Garuga;35;;;
;;;;Caparazón Garuga;15;;;
;;;Espalda;Crin de Garuga;70;;;
;;;;Caparazón Garuga;20;3;;
;;;;Concha de Garuga;10;;;
;;Despiece;Cuerpo;Escama Garuga+;64;3;;
;;;;Caparazón Garuga;28;;;
;;;;Crin de Garuga;5;2;;
;;;;Ala de Garuga;3;2;;
;;;Cola;Cola de Garuga;70;4;;
;;;;Escama Garuga+;20;;;
;;;;Escama de Garuga;10;;;
;;Captura;;Caparazón Garuga;90;;;
;;;;Pico rejuvenec.;5;;;
;;;;Or.larga Garuga;5;;;
;;Punto brillante;;Sollozos Wyvern;37;;;
;;;;Lágrimas Wyvern;37;;;
;;;;Escama Garuga+;25;2;;
;;;;Ala de Garuga;1;2;;
;Rango Alto; PorRotura;Oreja;Or.larga Garuga;75;;;
;;;;Escama Garuga+;15;;;
;;;;Oreja de Garuga;10;2;;
;;;Pico;Pico rejuvenec.;70;;;
;;;;Escama Garuga+;15;;;
;;;;Pico afilado;15;;;
;;;Alas;Ala de Garuga;50;;;
;;;;Ala de Garuga;35;;;
;;;;Caparazón Garuga;15;;;
;;;Espalda;Crin de Garuga;70;;;
;;;;Caparazón Garuga;20;3;;
;;;;Concha de Garuga;10;;;
;;Despiece;Cuerpo;Escama Garuga+;64;3;;
;;;;Caparazón Garuga;28;;;
;;;;Crin de Garuga;5;2;;
;;;;Ala de Garuga;3;2;;
;;;Cola;Cola de Garuga;70;4;;
;;;;Escama Garuga+;20;;;
;;;;Escama de Garuga;10;;;
;;Captura;;Caparazón Garuga;90;;;
;;;;Pico rejuvenec.;5;;;
;;;;Or.larga Garuga;5;;;
;;Punto brillante;;Sollozos Wyvern;37;;;
;;;;Lágrimas Wyvern;37;;;
;;;;Escama Garuga+;25;2;;
;;;;Ala de Garuga;1;2;;
;Rango G; PorRotura;Oreja;Or.larga Garuga;80;;;
;;;;Esc. Garuga grsa;20;;;
;;;Pico;Pico rejuvenec.;80;;;
;;;;Esc. Garuga grsa;20;;;
;;;Alas;Ala Garuga frte;80;;;
;;;;Ala de Garuga;20;;;
;;;Espalda;Piel Garuga plt;80;;;
;;;;Con. Garuga dura;20;;;
;;Despiece;Cuerpo;Esc. Garuga grsa;64;3;;
;;;;Con. Garuga dura;28;;;
;;;;Piel Garuga plt;7;;;
;;;;Ala Garuga frte;1;;;
;;;Cola;Cola de Garuga;80;;;
;;;;Esc. Garuga grsa;10;;;
;;;;Escama Garuga+;10;;;
;;Captura;;Con. Garuga dura;80;2;;
;;;;Caparazón Garuga;10;;;
;;;;Pico rejuvenec.;5;;;
;;;;Or.larga Garuga;5;;;
;;Punto brillante;;Sollozos Wyvern;49;;;
;;;;Lágrimas Wyvern;25;;;
;;;;Esc. Garuga grsa;15;;;
;;;;Escama Garuga+;10;;;
;;;;Ala Garuga frte;1;3;;
Yian Kut Ku;Aldea; PorRotura;Orejas;Oreja de Kut-Ku;50;;;
;;;;Escama Kut-Ku;50;;;
;;Despiece;Cuerpo;Concha Kut-Ku;50;;;
;;;;Cincha de Kut-Ku;32;;;
;;;;Escama Kut-Ku;13;;;
;;;;Pico gigante;5;;;
;;Captura;;Concha Kut-Ku;33;;;
;;;;Lanzagritos;24;2;;
;;;;H. monstr. med.;20;;;
;;;;Bolsa de llama;20;;;
;;;;Pico gigante;3;;;
;;Punto brillante;;Lágrimas Wyvern;74;;;
;;;;Escama Kut-Ku;16;;;
;;;;Oreja de Kut-Ku;10;;;
;Rango Alto; PorRotura;Orejas;Oreja de Kut-Ku;50;;;
;;;;Or. Kut-Ku larga;25;;;
;;;;Escama Kut-Ku+;25;3;;
;;Despiece;Cuerpo;Escama Kut-Ku+;50;;;
;;;;Caparazón Kut-Ku;25;;;
;;;;Cincha de Kut-Ku;10;;;
;;;;Pico gigante;10;;;
;;;;Pico espléndido;5;;;
;;Captura;;Caparazón Kut-Ku;43;;;
;;;;Hueso monstruo+;27;;;
;;;;Lanzagritos;17;4;;
;;;;Bolsa de llama;10;;;
;;;;Pico espléndido;3;;;
;;Punto brillante;;Lágrimas Wyvern;37;;;
;;;;Sollozos Wyvern;37;;;
;;;;Escama Kut-Ku+;16;;;
;;;;Or. Kut-Ku larga;10;;;
;Rango G; PorRotura;Orejas;Or. Kut-Ku larga;45;3;;
;;;;OrjaKut-KuSuerte;30;;;
;;;;EscGruesaKut-Ku;25;;;
;;Despiece;Cuerpo;EscGruesaKut-Ku;33;;;
;;;;Ala Kut-Ku dura;32;;;
;;;;Con. pes Kut-Ku;25;;;
;;;;Pico espléndido;10;2;;
;;Capturar agacha las orejas la vida por debajo del 30%;;Con. pes Kut-Ku;47;2;;
;;;;HuesoMonstruoPes;23;;;
;;;;Bolsa lanzallam.;15;;;
;;;;Lanzagritos;10;;;
;;;;Pico espléndido;5;;;
;;Suelta bomba sónica si no está en modo furia;;Sollozos Wyvern;49;;;
;;;;Lágrimas Wyvern;25;;;
;;;;EscGruesaKut-Ku;16;;;
;;;;OrjaKut-KuSuerte;10;;;
Yian Kut Ku Azul;Aldea; PorRotura;Orejas;Oreja de Kut-Ku;50;;;
;;;;Esc. Kut-Ku azul;50;;;
;;Despiece;Cuerpo;Esc. Kut-Ku azul;47;;;
;;;;Con. Kut-Ku azul;35;;;
;;;;Cincha de Kut-Ku;15;;;
;;;;Pico gigante;5;;;
;;Captura;;Con. Kut-Ku azul;36;;;
;;;;H. monstr. med.;27;2;;
;;;;Lanzagritos;24;;;
;;;;Bolsa de llama;10;;;
;;;;Pico gigante;3;;;
;;Punto brillante;;Lágrimas Wyvern;74;;;
;;;;Esc. Kut-Ku azul;16;;;
;;;;Oreja de Kut-Ku;10;;;
;Rango Alto; PorRotura;Orejas;Oreja de Kut-Ku;50;;;
;;;;Or. Kut-Ku larga;25;;;
;;;;Esc. Kut-Ku az.+;25;3;;
;;Despiece;Cuerpo;Esc. Kut-Ku az.+;50;;;
;;;;Cap. Kut-Ku azul;25;;;
;;;;Cincha de Kut-Ku;10;;;
;;;;Pico gigante;10;;;
;;;;Pico espléndido;5;;;
;;Captura;;Cap. Kut-Ku azul;43;;;
;;;;Hueso monstruo+;27;;;
;;;;Lanzagritos;17;4;;
;;;;Bolsa de llama;10;;;
;;;;Pico espléndido;3;;;
;;Punto brillante;;Lágrimas Wyvern;37;;;
;;;;Sollozos Wyvern;37;;;
;;;;Esc. Kut-Ku az.+;16;;;
;;;;Oreja de Kut-Ku;10;;;
;Rango G; PorRotura;Orejas;Or. Kut-Ku larga;45;;;
;;;;OrjaKut-KuSuerte;30;;;
;;;;EscGrKut-KuAzul;25;;;
;;Despiece;Cuerpo;EscGrKut-KuAzul;33;;;
;;;;Ala Kut-Ku dura;32;;;
;;;;CorPesKut-KuAzul;25;;;
;;;;Pico espléndido;10;;;
;;Capturar agacha las orejas la vida por debajo del 30%;;CorPesKut-KuAzul;47;;;
;;;;HuesoMonstruoPes;23;;;
;;;;Bolsa lanzallam.;15;;;
;;;;Lanzagritos;10;;;
;;;;Pico espléndido;5;;;
;;Punto brillante;;Sollozos Wyvern;49;;;
;;;;Lágrimas Wyvern;25;;;
;;;;EscGrKut-KuAzul;16;;;
;;;;OrjaKut-KuSuerte;10;;;
;;;;Sollozos Wyvern;49;;;
;;;;Lágrimas Wyvern;25;;;
;;;;EscGrKut-KuAzul;16;;;
;;;;OrjaKut-KuSuerte;10;;;
